,extId,trialNo,setSize,itemNo,correctResponse,givenResponse,score,group
0,noon,1.0,3.0,1.0,8.0,8,1.0,canvas
1,noon,1.0,3.0,2.0,2.0,2,1.0,canvas
2,noon,1.0,3.0,3.0,4.0,4,1.0,canvas
3,noon,2.0,3.0,1.0,7.0,7,1.0,canvas
4,noon,2.0,3.0,2.0,3.0,3,1.0,canvas
5,noon,2.0,3.0,3.0,8.0,8,1.0,canvas
6,noon,3.0,3.0,1.0,4.0,4,1.0,canvas
7,noon,3.0,3.0,2.0,3.0,3,1.0,canvas
8,noon,3.0,3.0,3.0,5.0,5,1.0,canvas
9,noon,4.0,4.0,1.0,7.0,7,1.0,canvas
10,noon,4.0,4.0,2.0,4.0,4,1.0,canvas
11,noon,4.0,4.0,3.0,1.0,1,1.0,canvas
12,noon,4.0,4.0,4.0,3.0,3,1.0,canvas
13,noon,5.0,4.0,1.0,3.0,3,1.0,canvas
14,noon,5.0,4.0,2.0,7.0,7,1.0,canvas
15,noon,5.0,4.0,3.0,9.0,9,1.0,canvas
16,noon,5.0,4.0,4.0,1.0,1,1.0,canvas
17,noon,6.0,4.0,1.0,9.0,9,1.0,canvas
18,noon,6.0,4.0,2.0,5.0,5,1.0,canvas
19,noon,6.0,4.0,3.0,7.0,7,1.0,canvas
20,noon,6.0,4.0,4.0,2.0,2,1.0,canvas
21,noon,7.0,5.0,1.0,5.0,5,1.0,canvas
22,noon,7.0,5.0,2.0,3.0,3,1.0,canvas
23,noon,7.0,5.0,3.0,8.0,8,1.0,canvas
24,noon,7.0,5.0,4.0,9.0,9,1.0,canvas
25,noon,7.0,5.0,5.0,7.0,7,1.0,canvas
26,noon,8.0,5.0,1.0,3.0,3,1.0,canvas
27,noon,8.0,5.0,2.0,9.0,9,1.0,canvas
28,noon,8.0,5.0,3.0,4.0,4,1.0,canvas
29,noon,8.0,5.0,4.0,5.0,5,1.0,canvas
30,noon,8.0,5.0,5.0,2.0,2,1.0,canvas
31,noon,9.0,5.0,1.0,7.0,7,1.0,canvas
32,noon,9.0,5.0,2.0,2.0,2,1.0,canvas
33,noon,9.0,5.0,3.0,8.0,8,1.0,canvas
34,noon,9.0,5.0,4.0,3.0,3,1.0,canvas
35,noon,9.0,5.0,5.0,9.0,9,1.0,canvas
36,noon,10.0,6.0,1.0,8.0,8,1.0,canvas
37,noon,10.0,6.0,2.0,5.0,5,1.0,canvas
38,noon,10.0,6.0,3.0,6.0,6,1.0,canvas
39,noon,10.0,6.0,4.0,4.0,4,1.0,canvas
40,noon,10.0,6.0,5.0,7.0,7,1.0,canvas
41,noon,10.0,6.0,6.0,1.0,1,1.0,canvas
42,noon,11.0,6.0,1.0,9.0,9,1.0,canvas
43,noon,11.0,6.0,2.0,1.0,1,1.0,canvas
44,noon,11.0,6.0,3.0,7.0,7,1.0,canvas
45,noon,11.0,6.0,4.0,6.0,6,1.0,canvas
46,noon,11.0,6.0,5.0,4.0,4,1.0,canvas
47,noon,11.0,6.0,6.0,8.0,8,1.0,canvas
48,noon,12.0,6.0,1.0,2.0,2,1.0,canvas
49,noon,12.0,6.0,2.0,6.0,6,1.0,canvas
50,noon,12.0,6.0,3.0,9.0,9,1.0,canvas
51,noon,12.0,6.0,4.0,1.0,1,1.0,canvas
52,noon,12.0,6.0,5.0,3.0,3,1.0,canvas
53,noon,12.0,6.0,6.0,5.0,5,1.0,canvas
54,noon,13.0,7.0,1.0,9.0,9,1.0,canvas
55,noon,13.0,7.0,2.0,3.0,2,0.0,canvas
56,noon,13.0,7.0,3.0,2.0,8,0.0,canvas
57,noon,13.0,7.0,4.0,8.0,6,0.0,canvas
58,noon,13.0,7.0,5.0,6.0,7,0.0,canvas
59,noon,13.0,7.0,6.0,7.0,1,0.0,canvas
60,noon,13.0,7.0,7.0,1.0,3,0.0,canvas
61,noon,14.0,7.0,1.0,6.0,6,1.0,canvas
62,noon,14.0,7.0,2.0,4.0,5,0.0,canvas
63,noon,14.0,7.0,3.0,5.0,4,0.0,canvas
64,noon,14.0,7.0,4.0,9.0,9,1.0,canvas
65,noon,14.0,7.0,5.0,3.0,3,1.0,canvas
66,noon,14.0,7.0,6.0,2.0,2,1.0,canvas
67,noon,14.0,7.0,7.0,8.0,8,1.0,canvas
68,noon,15.0,7.0,1.0,2.0,8,0.0,canvas
69,noon,15.0,7.0,2.0,8.0,2,0.0,canvas
70,noon,15.0,7.0,3.0,3.0,3,1.0,canvas
71,noon,15.0,7.0,4.0,6.0,6,1.0,canvas
72,noon,15.0,7.0,5.0,1.0,1,1.0,canvas
73,noon,15.0,7.0,6.0,4.0,4,1.0,canvas
74,noon,15.0,7.0,7.0,5.0,5,1.0,canvas
75,energy,1.0,3.0,1.0,8.0,8,1.0,control
76,energy,1.0,3.0,2.0,2.0,2,1.0,control
77,energy,1.0,3.0,3.0,4.0,4,1.0,control
78,energy,2.0,3.0,1.0,7.0,7,1.0,control
79,energy,2.0,3.0,2.0,3.0,3,1.0,control
80,energy,2.0,3.0,3.0,8.0,8,1.0,control
81,energy,3.0,3.0,1.0,4.0,4,1.0,control
82,energy,3.0,3.0,2.0,3.0,3,1.0,control
83,energy,3.0,3.0,3.0,5.0,5,1.0,control
84,energy,4.0,4.0,1.0,7.0,7,1.0,control
85,energy,4.0,4.0,2.0,4.0,4,1.0,control
86,energy,4.0,4.0,3.0,1.0,1,1.0,control
87,energy,4.0,4.0,4.0,3.0,3,1.0,control
88,energy,5.0,4.0,1.0,3.0,3,1.0,control
89,energy,5.0,4.0,2.0,7.0,7,1.0,control
90,energy,5.0,4.0,3.0,9.0,9,1.0,control
91,energy,5.0,4.0,4.0,1.0,1,1.0,control
92,energy,6.0,4.0,1.0,9.0,9,1.0,control
93,energy,6.0,4.0,2.0,5.0,5,1.0,control
94,energy,6.0,4.0,3.0,7.0,7,1.0,control
95,energy,6.0,4.0,4.0,2.0,2,1.0,control
96,energy,7.0,5.0,1.0,5.0,5,1.0,control
97,energy,7.0,5.0,2.0,3.0,3,1.0,control
98,energy,7.0,5.0,3.0,8.0,8,1.0,control
99,energy,7.0,5.0,4.0,9.0,9,1.0,control
100,energy,7.0,5.0,5.0,7.0,7,1.0,control
101,energy,8.0,5.0,1.0,3.0,3,1.0,control
102,energy,8.0,5.0,2.0,9.0,9,1.0,control
103,energy,8.0,5.0,3.0,4.0,4,1.0,control
104,energy,8.0,5.0,4.0,5.0,5,1.0,control
105,energy,8.0,5.0,5.0,2.0,2,1.0,control
106,energy,9.0,5.0,1.0,7.0,7,1.0,control
107,energy,9.0,5.0,2.0,2.0,2,1.0,control
108,energy,9.0,5.0,3.0,8.0,8,1.0,control
109,energy,9.0,5.0,4.0,3.0,3,1.0,control
110,energy,9.0,5.0,5.0,9.0,9,1.0,control
111,energy,10.0,6.0,1.0,8.0,8,1.0,control
112,energy,10.0,6.0,2.0,5.0,5,1.0,control
113,energy,10.0,6.0,3.0,6.0,6,1.0,control
114,energy,10.0,6.0,4.0,4.0,4,1.0,control
115,energy,10.0,6.0,5.0,7.0,7,1.0,control
116,energy,10.0,6.0,6.0,1.0,1,1.0,control
117,energy,11.0,6.0,1.0,9.0,9,1.0,control
118,energy,11.0,6.0,2.0,1.0,1,1.0,control
119,energy,11.0,6.0,3.0,7.0,7,1.0,control
120,energy,11.0,6.0,4.0,6.0,6,1.0,control
121,energy,11.0,6.0,5.0,4.0,4,1.0,control
122,energy,11.0,6.0,6.0,8.0,8,1.0,control
123,energy,12.0,6.0,1.0,2.0,2,1.0,control
124,energy,12.0,6.0,2.0,6.0,6,1.0,control
125,energy,12.0,6.0,3.0,9.0,9,1.0,control
126,energy,12.0,6.0,4.0,1.0,1,1.0,control
127,energy,12.0,6.0,5.0,3.0,3,1.0,control
128,energy,12.0,6.0,6.0,5.0,5,1.0,control
129,energy,13.0,7.0,1.0,9.0,9,1.0,control
130,energy,13.0,7.0,2.0,3.0,3,1.0,control
131,energy,13.0,7.0,3.0,2.0,2,1.0,control
132,energy,13.0,7.0,4.0,8.0,8,1.0,control
133,energy,13.0,7.0,5.0,6.0,6,1.0,control
134,energy,13.0,7.0,6.0,7.0,7,1.0,control
135,energy,13.0,7.0,7.0,1.0,1,1.0,control
136,energy,14.0,7.0,1.0,6.0,6,1.0,control
137,energy,14.0,7.0,2.0,4.0,4,1.0,control
138,energy,14.0,7.0,3.0,5.0,5,1.0,control
139,energy,14.0,7.0,4.0,9.0,9,1.0,control
140,energy,14.0,7.0,5.0,3.0,3,1.0,control
141,energy,14.0,7.0,6.0,2.0,2,1.0,control
142,energy,14.0,7.0,7.0,8.0,8,1.0,control
143,energy,15.0,7.0,1.0,2.0,2,1.0,control
144,energy,15.0,7.0,2.0,8.0,8,1.0,control
145,energy,15.0,7.0,3.0,3.0,3,1.0,control
146,energy,15.0,7.0,4.0,6.0,6,1.0,control
147,energy,15.0,7.0,5.0,1.0,1,1.0,control
148,energy,15.0,7.0,6.0,4.0,4,1.0,control
149,energy,15.0,7.0,7.0,5.0,5,1.0,control
225,aqua,1.0,3.0,1.0,8.0,8,1.0,control
226,aqua,1.0,3.0,2.0,2.0,2,1.0,control
227,aqua,1.0,3.0,3.0,4.0,4,1.0,control
228,aqua,2.0,3.0,1.0,7.0,7,1.0,control
229,aqua,2.0,3.0,2.0,3.0,3,1.0,control
230,aqua,2.0,3.0,3.0,8.0,8,1.0,control
231,aqua,3.0,3.0,1.0,4.0,4,1.0,control
232,aqua,3.0,3.0,2.0,3.0,3,1.0,control
233,aqua,3.0,3.0,3.0,5.0,5,1.0,control
234,aqua,4.0,4.0,1.0,7.0,7,1.0,control
235,aqua,4.0,4.0,2.0,4.0,4,1.0,control
236,aqua,4.0,4.0,3.0,1.0,1,1.0,control
237,aqua,4.0,4.0,4.0,3.0,3,1.0,control
238,aqua,5.0,4.0,1.0,3.0,3,1.0,control
239,aqua,5.0,4.0,2.0,7.0,7,1.0,control
240,aqua,5.0,4.0,3.0,9.0,9,1.0,control
241,aqua,5.0,4.0,4.0,1.0,1,1.0,control
242,aqua,6.0,4.0,1.0,9.0,9,1.0,control
243,aqua,6.0,4.0,2.0,5.0,5,1.0,control
244,aqua,6.0,4.0,3.0,7.0,7,1.0,control
245,aqua,6.0,4.0,4.0,2.0,2,1.0,control
246,aqua,7.0,5.0,1.0,5.0,5,1.0,control
247,aqua,7.0,5.0,2.0,3.0,3,1.0,control
248,aqua,7.0,5.0,3.0,8.0,8,1.0,control
249,aqua,7.0,5.0,4.0,9.0,9,1.0,control
250,aqua,7.0,5.0,5.0,7.0,7,1.0,control
251,aqua,8.0,5.0,1.0,3.0,3,1.0,control
252,aqua,8.0,5.0,2.0,9.0,9,1.0,control
253,aqua,8.0,5.0,3.0,4.0,4,1.0,control
254,aqua,8.0,5.0,4.0,5.0,5,1.0,control
255,aqua,8.0,5.0,5.0,2.0,2,1.0,control
256,aqua,9.0,5.0,1.0,7.0,7,1.0,control
257,aqua,9.0,5.0,2.0,2.0,2,1.0,control
258,aqua,9.0,5.0,3.0,8.0,8,1.0,control
259,aqua,9.0,5.0,4.0,3.0,3,1.0,control
260,aqua,9.0,5.0,5.0,9.0,9,1.0,control
261,aqua,10.0,6.0,1.0,8.0,8,1.0,control
262,aqua,10.0,6.0,2.0,5.0,5,1.0,control
263,aqua,10.0,6.0,3.0,6.0,6,1.0,control
264,aqua,10.0,6.0,4.0,4.0,4,1.0,control
265,aqua,10.0,6.0,5.0,7.0,7,1.0,control
266,aqua,10.0,6.0,6.0,1.0,1,1.0,control
267,aqua,11.0,6.0,1.0,9.0,9,1.0,control
268,aqua,11.0,6.0,2.0,1.0,1,1.0,control
269,aqua,11.0,6.0,3.0,7.0,7,1.0,control
270,aqua,11.0,6.0,4.0,6.0,6,1.0,control
271,aqua,11.0,6.0,5.0,4.0,4,1.0,control
272,aqua,11.0,6.0,6.0,8.0,8,1.0,control
273,aqua,12.0,6.0,1.0,2.0,2,1.0,control
274,aqua,12.0,6.0,2.0,6.0,6,1.0,control
275,aqua,12.0,6.0,3.0,9.0,9,1.0,control
276,aqua,12.0,6.0,4.0,1.0,1,1.0,control
277,aqua,12.0,6.0,5.0,3.0,3,1.0,control
278,aqua,12.0,6.0,6.0,5.0,5,1.0,control
279,aqua,13.0,7.0,1.0,9.0,9,1.0,control
280,aqua,13.0,7.0,2.0,3.0,3,1.0,control
281,aqua,13.0,7.0,3.0,2.0,2,1.0,control
282,aqua,13.0,7.0,4.0,8.0,8,1.0,control
283,aqua,13.0,7.0,5.0,6.0,6,1.0,control
284,aqua,13.0,7.0,6.0,7.0,7,1.0,control
285,aqua,13.0,7.0,7.0,1.0,1,1.0,control
286,aqua,14.0,7.0,1.0,6.0,6,1.0,control
287,aqua,14.0,7.0,2.0,4.0,4,1.0,control
288,aqua,14.0,7.0,3.0,5.0,5,1.0,control
289,aqua,14.0,7.0,4.0,9.0,9,1.0,control
290,aqua,14.0,7.0,5.0,3.0,3,1.0,control
291,aqua,14.0,7.0,6.0,2.0,2,1.0,control
292,aqua,14.0,7.0,7.0,8.0,8,1.0,control
293,aqua,15.0,7.0,1.0,2.0,8,0.0,control
294,aqua,15.0,7.0,2.0,8.0,2,0.0,control
295,aqua,15.0,7.0,3.0,3.0,6,0.0,control
296,aqua,15.0,7.0,4.0,6.0,1,0.0,control
297,aqua,15.0,7.0,5.0,1.0,4,0.0,control
298,aqua,15.0,7.0,6.0,4.0,5,0.0,control
299,aqua,15.0,7.0,7.0,5.0,3,0.0,control
300,patch,1.0,3.0,1.0,8.0,8,1.0,control
301,patch,1.0,3.0,2.0,2.0,2,1.0,control
302,patch,1.0,3.0,3.0,4.0,4,1.0,control
303,patch,2.0,3.0,1.0,7.0,7,1.0,control
304,patch,2.0,3.0,2.0,3.0,3,1.0,control
305,patch,2.0,3.0,3.0,8.0,8,1.0,control
306,patch,3.0,3.0,1.0,4.0,4,1.0,control
307,patch,3.0,3.0,2.0,3.0,3,1.0,control
308,patch,3.0,3.0,3.0,5.0,5,1.0,control
309,patch,4.0,4.0,1.0,7.0,7,1.0,control
310,patch,4.0,4.0,2.0,4.0,4,1.0,control
311,patch,4.0,4.0,3.0,1.0,1,1.0,control
312,patch,4.0,4.0,4.0,3.0,3,1.0,control
313,patch,5.0,4.0,1.0,3.0,3,1.0,control
314,patch,5.0,4.0,2.0,7.0,7,1.0,control
315,patch,5.0,4.0,3.0,9.0,9,1.0,control
316,patch,5.0,4.0,4.0,1.0,1,1.0,control
317,patch,6.0,4.0,1.0,9.0,9,1.0,control
318,patch,6.0,4.0,2.0,5.0,5,1.0,control
319,patch,6.0,4.0,3.0,7.0,7,1.0,control
320,patch,6.0,4.0,4.0,2.0,2,1.0,control
321,patch,7.0,5.0,1.0,5.0,5,1.0,control
322,patch,7.0,5.0,2.0,3.0,3,1.0,control
323,patch,7.0,5.0,3.0,8.0,8,1.0,control
324,patch,7.0,5.0,4.0,9.0,9,1.0,control
325,patch,7.0,5.0,5.0,7.0,7,1.0,control
326,patch,8.0,5.0,1.0,3.0,3,1.0,control
327,patch,8.0,5.0,2.0,9.0,9,1.0,control
328,patch,8.0,5.0,3.0,4.0,4,1.0,control
329,patch,8.0,5.0,4.0,5.0,5,1.0,control
330,patch,8.0,5.0,5.0,2.0,2,1.0,control
331,patch,9.0,5.0,1.0,7.0,7,1.0,control
332,patch,9.0,5.0,2.0,2.0,2,1.0,control
333,patch,9.0,5.0,3.0,8.0,8,1.0,control
334,patch,9.0,5.0,4.0,3.0,3,1.0,control
335,patch,9.0,5.0,5.0,9.0,9,1.0,control
336,patch,10.0,6.0,1.0,8.0,8,1.0,control
337,patch,10.0,6.0,2.0,5.0,5,1.0,control
338,patch,10.0,6.0,3.0,6.0,6,1.0,control
339,patch,10.0,6.0,4.0,4.0,4,1.0,control
340,patch,10.0,6.0,5.0,7.0,7,1.0,control
341,patch,10.0,6.0,6.0,1.0,1,1.0,control
342,patch,11.0,6.0,1.0,9.0,9,1.0,control
343,patch,11.0,6.0,2.0,1.0,1,1.0,control
344,patch,11.0,6.0,3.0,7.0,7,1.0,control
345,patch,11.0,6.0,4.0,6.0,6,1.0,control
346,patch,11.0,6.0,5.0,4.0,4,1.0,control
347,patch,11.0,6.0,6.0,8.0,8,1.0,control
348,patch,12.0,6.0,1.0,2.0,2,1.0,control
349,patch,12.0,6.0,2.0,6.0,6,1.0,control
350,patch,12.0,6.0,3.0,9.0,9,1.0,control
351,patch,12.0,6.0,4.0,1.0,1,1.0,control
352,patch,12.0,6.0,5.0,3.0,3,1.0,control
353,patch,12.0,6.0,6.0,5.0,5,1.0,control
354,patch,13.0,7.0,1.0,9.0,9,1.0,control
355,patch,13.0,7.0,2.0,3.0,3,1.0,control
356,patch,13.0,7.0,3.0,2.0,2,1.0,control
357,patch,13.0,7.0,4.0,8.0,8,1.0,control
358,patch,13.0,7.0,5.0,6.0,6,1.0,control
359,patch,13.0,7.0,6.0,7.0,7,1.0,control
360,patch,13.0,7.0,7.0,1.0,1,1.0,control
361,patch,14.0,7.0,1.0,6.0,6,1.0,control
362,patch,14.0,7.0,2.0,4.0,4,1.0,control
363,patch,14.0,7.0,3.0,5.0,5,1.0,control
364,patch,14.0,7.0,4.0,9.0,9,1.0,control
365,patch,14.0,7.0,5.0,3.0,3,1.0,control
366,patch,14.0,7.0,6.0,2.0,2,1.0,control
367,patch,14.0,7.0,7.0,8.0,8,1.0,control
368,patch,15.0,7.0,1.0,2.0,8,0.0,control
369,patch,15.0,7.0,2.0,8.0,3,0.0,control
370,patch,15.0,7.0,3.0,3.0,2,0.0,control
371,patch,15.0,7.0,4.0,6.0,6,1.0,control
372,patch,15.0,7.0,5.0,1.0,1,1.0,control
373,patch,15.0,7.0,6.0,4.0,9,0.0,control
374,patch,15.0,7.0,7.0,5.0,5,1.0,control
375,holiday,1.0,3.0,1.0,8.0,8,1.0,canvas
376,holiday,1.0,3.0,2.0,2.0,2,1.0,canvas
377,holiday,1.0,3.0,3.0,4.0,4,1.0,canvas
378,holiday,2.0,3.0,1.0,7.0,7,1.0,canvas
379,holiday,2.0,3.0,2.0,3.0,3,1.0,canvas
380,holiday,2.0,3.0,3.0,8.0,8,1.0,canvas
381,holiday,3.0,3.0,1.0,4.0,4,1.0,canvas
382,holiday,3.0,3.0,2.0,3.0,3,1.0,canvas
383,holiday,3.0,3.0,3.0,5.0,5,1.0,canvas
384,holiday,4.0,4.0,1.0,7.0,7,1.0,canvas
385,holiday,4.0,4.0,2.0,4.0,4,1.0,canvas
386,holiday,4.0,4.0,3.0,1.0,1,1.0,canvas
387,holiday,4.0,4.0,4.0,3.0,3,1.0,canvas
388,holiday,5.0,4.0,1.0,3.0,3,1.0,canvas
389,holiday,5.0,4.0,2.0,7.0,7,1.0,canvas
390,holiday,5.0,4.0,3.0,9.0,9,1.0,canvas
391,holiday,5.0,4.0,4.0,1.0,1,1.0,canvas
392,holiday,6.0,4.0,1.0,9.0,9,1.0,canvas
393,holiday,6.0,4.0,2.0,5.0,5,1.0,canvas
394,holiday,6.0,4.0,3.0,7.0,7,1.0,canvas
395,holiday,6.0,4.0,4.0,2.0,2,1.0,canvas
396,holiday,7.0,5.0,1.0,5.0,3,0.0,canvas
397,holiday,7.0,5.0,2.0,3.0,5,0.0,canvas
398,holiday,7.0,5.0,3.0,8.0,8,1.0,canvas
399,holiday,7.0,5.0,4.0,9.0,9,1.0,canvas
400,holiday,7.0,5.0,5.0,7.0,7,1.0,canvas
401,holiday,8.0,5.0,1.0,3.0,3,1.0,canvas
402,holiday,8.0,5.0,2.0,9.0,4,0.0,canvas
403,holiday,8.0,5.0,3.0,4.0,9,0.0,canvas
404,holiday,8.0,5.0,4.0,5.0,5,1.0,canvas
405,holiday,8.0,5.0,5.0,2.0,2,1.0,canvas
406,holiday,9.0,5.0,1.0,7.0,7,1.0,canvas
407,holiday,9.0,5.0,2.0,2.0,2,1.0,canvas
408,holiday,9.0,5.0,3.0,8.0,8,1.0,canvas
409,holiday,9.0,5.0,4.0,3.0,3,1.0,canvas
410,holiday,9.0,5.0,5.0,9.0,9,1.0,canvas
411,holiday,10.0,6.0,1.0,8.0,8,1.0,canvas
412,holiday,10.0,6.0,2.0,5.0,6,0.0,canvas
413,holiday,10.0,6.0,3.0,6.0,4,0.0,canvas
414,holiday,10.0,6.0,4.0,4.0,7,0.0,canvas
415,holiday,10.0,6.0,5.0,7.0,1,0.0,canvas
416,holiday,10.0,6.0,6.0,1.0,5,0.0,canvas
417,holiday,11.0,6.0,1.0,9.0,9,1.0,canvas
418,holiday,11.0,6.0,2.0,1.0,1,1.0,canvas
419,holiday,11.0,6.0,3.0,7.0,7,1.0,canvas
420,holiday,11.0,6.0,4.0,6.0,6,1.0,canvas
421,holiday,11.0,6.0,5.0,4.0,4,1.0,canvas
422,holiday,11.0,6.0,6.0,8.0,8,1.0,canvas
423,holiday,12.0,6.0,1.0,2.0,2,1.0,canvas
424,holiday,12.0,6.0,2.0,6.0,6,1.0,canvas
425,holiday,12.0,6.0,3.0,9.0,9,1.0,canvas
426,holiday,12.0,6.0,4.0,1.0,1,1.0,canvas
427,holiday,12.0,6.0,5.0,3.0,3,1.0,canvas
428,holiday,12.0,6.0,6.0,5.0,5,1.0,canvas
429,holiday,13.0,7.0,1.0,9.0,9,1.0,canvas
430,holiday,13.0,7.0,2.0,3.0,3,1.0,canvas
431,holiday,13.0,7.0,3.0,2.0,2,1.0,canvas
432,holiday,13.0,7.0,4.0,8.0,8,1.0,canvas
433,holiday,13.0,7.0,5.0,6.0,6,1.0,canvas
434,holiday,13.0,7.0,6.0,7.0,7,1.0,canvas
435,holiday,13.0,7.0,7.0,1.0,1,1.0,canvas
436,holiday,14.0,7.0,1.0,6.0,6,1.0,canvas
437,holiday,14.0,7.0,2.0,4.0,4,1.0,canvas
438,holiday,14.0,7.0,3.0,5.0,5,1.0,canvas
439,holiday,14.0,7.0,4.0,9.0,9,1.0,canvas
440,holiday,14.0,7.0,5.0,3.0,3,1.0,canvas
441,holiday,14.0,7.0,6.0,2.0,2,1.0,canvas
442,holiday,14.0,7.0,7.0,8.0,8,1.0,canvas
443,holiday,15.0,7.0,1.0,2.0,2,1.0,canvas
444,holiday,15.0,7.0,2.0,8.0,8,1.0,canvas
445,holiday,15.0,7.0,3.0,3.0,3,1.0,canvas
446,holiday,15.0,7.0,4.0,6.0,6,1.0,canvas
447,holiday,15.0,7.0,5.0,1.0,1,1.0,canvas
448,holiday,15.0,7.0,6.0,4.0,4,1.0,canvas
449,holiday,15.0,7.0,7.0,5.0,5,1.0,canvas
600,binder,1.0,3.0,1.0,8.0,8,1.0,canvas
601,binder,1.0,3.0,2.0,2.0,2,1.0,canvas
602,binder,1.0,3.0,3.0,4.0,4,1.0,canvas
603,binder,2.0,3.0,1.0,7.0,7,1.0,canvas
604,binder,2.0,3.0,2.0,3.0,3,1.0,canvas
605,binder,2.0,3.0,3.0,8.0,8,1.0,canvas
606,binder,3.0,3.0,1.0,4.0,4,1.0,canvas
607,binder,3.0,3.0,2.0,3.0,3,1.0,canvas
608,binder,3.0,3.0,3.0,5.0,5,1.0,canvas
609,binder,4.0,4.0,1.0,7.0,7,1.0,canvas
610,binder,4.0,4.0,2.0,4.0,4,1.0,canvas
611,binder,4.0,4.0,3.0,1.0,1,1.0,canvas
612,binder,4.0,4.0,4.0,3.0,3,1.0,canvas
613,binder,5.0,4.0,1.0,3.0,3,1.0,canvas
614,binder,5.0,4.0,2.0,7.0,7,1.0,canvas
615,binder,5.0,4.0,3.0,9.0,9,1.0,canvas
616,binder,5.0,4.0,4.0,1.0,1,1.0,canvas
617,binder,6.0,4.0,1.0,9.0,9,1.0,canvas
618,binder,6.0,4.0,2.0,5.0,5,1.0,canvas
619,binder,6.0,4.0,3.0,7.0,7,1.0,canvas
620,binder,6.0,4.0,4.0,2.0,2,1.0,canvas
621,binder,7.0,5.0,1.0,5.0,5,1.0,canvas
622,binder,7.0,5.0,2.0,3.0,3,1.0,canvas
623,binder,7.0,5.0,3.0,8.0,8,1.0,canvas
624,binder,7.0,5.0,4.0,9.0,9,1.0,canvas
625,binder,7.0,5.0,5.0,7.0,7,1.0,canvas
626,binder,8.0,5.0,1.0,3.0,3,1.0,canvas
627,binder,8.0,5.0,2.0,9.0,9,1.0,canvas
628,binder,8.0,5.0,3.0,4.0,4,1.0,canvas
629,binder,8.0,5.0,4.0,5.0,5,1.0,canvas
630,binder,8.0,5.0,5.0,2.0,2,1.0,canvas
631,binder,9.0,5.0,1.0,7.0,7,1.0,canvas
632,binder,9.0,5.0,2.0,2.0,2,1.0,canvas
633,binder,9.0,5.0,3.0,8.0,8,1.0,canvas
634,binder,9.0,5.0,4.0,3.0,3,1.0,canvas
635,binder,9.0,5.0,5.0,9.0,9,1.0,canvas
636,binder,10.0,6.0,1.0,8.0,4,0.0,canvas
637,binder,10.0,6.0,2.0,5.0,2,0.0,canvas
638,binder,10.0,6.0,3.0,6.0,6,1.0,canvas
639,binder,10.0,6.0,4.0,4.0,8,0.0,canvas
640,binder,10.0,6.0,5.0,7.0,7,1.0,canvas
641,binder,10.0,6.0,6.0,1.0,5,0.0,canvas
642,binder,11.0,6.0,1.0,9.0,9,1.0,canvas
643,binder,11.0,6.0,2.0,1.0,1,1.0,canvas
644,binder,11.0,6.0,3.0,7.0,7,1.0,canvas
645,binder,11.0,6.0,4.0,6.0,6,1.0,canvas
646,binder,11.0,6.0,5.0,4.0,4,1.0,canvas
647,binder,11.0,6.0,6.0,8.0,8,1.0,canvas
648,binder,12.0,6.0,1.0,2.0,2,1.0,canvas
649,binder,12.0,6.0,2.0,6.0,6,1.0,canvas
650,binder,12.0,6.0,3.0,9.0,9,1.0,canvas
651,binder,12.0,6.0,4.0,1.0,1,1.0,canvas
652,binder,12.0,6.0,5.0,3.0,3,1.0,canvas
653,binder,12.0,6.0,6.0,5.0,5,1.0,canvas
654,binder,13.0,7.0,1.0,9.0,9,1.0,canvas
655,binder,13.0,7.0,2.0,3.0,3,1.0,canvas
656,binder,13.0,7.0,3.0,2.0,2,1.0,canvas
657,binder,13.0,7.0,4.0,8.0,8,1.0,canvas
658,binder,13.0,7.0,5.0,6.0,6,1.0,canvas
659,binder,13.0,7.0,6.0,7.0,7,1.0,canvas
660,binder,13.0,7.0,7.0,1.0,1,1.0,canvas
661,binder,14.0,7.0,1.0,6.0,2,0.0,canvas
662,binder,14.0,7.0,2.0,4.0,8,0.0,canvas
663,binder,14.0,7.0,3.0,5.0,3,0.0,canvas
664,binder,14.0,7.0,4.0,9.0,9,1.0,canvas
665,binder,14.0,7.0,5.0,3.0,4,0.0,canvas
666,binder,14.0,7.0,6.0,2.0,1,0.0,canvas
667,binder,14.0,7.0,7.0,8.0,7,0.0,canvas
668,binder,15.0,7.0,1.0,2.0,2,1.0,canvas
669,binder,15.0,7.0,2.0,8.0,8,1.0,canvas
670,binder,15.0,7.0,3.0,3.0,3,1.0,canvas
671,binder,15.0,7.0,4.0,6.0,6,1.0,canvas
672,binder,15.0,7.0,5.0,1.0,1,1.0,canvas
673,binder,15.0,7.0,6.0,4.0,4,1.0,canvas
674,binder,15.0,7.0,7.0,5.0,5,1.0,canvas
675,drive,1.0,3.0,1.0,8.0,8,1.0,control
676,drive,1.0,3.0,2.0,2.0,2,1.0,control
677,drive,1.0,3.0,3.0,4.0,4,1.0,control
678,drive,2.0,3.0,1.0,7.0,7,1.0,control
679,drive,2.0,3.0,2.0,3.0,3,1.0,control
680,drive,2.0,3.0,3.0,8.0,8,1.0,control
681,drive,3.0,3.0,1.0,4.0,4,1.0,control
682,drive,3.0,3.0,2.0,3.0,3,1.0,control
683,drive,3.0,3.0,3.0,5.0,5,1.0,control
684,drive,4.0,4.0,1.0,7.0,7,1.0,control
685,drive,4.0,4.0,2.0,4.0,4,1.0,control
686,drive,4.0,4.0,3.0,1.0,1,1.0,control
687,drive,4.0,4.0,4.0,3.0,3,1.0,control
688,drive,5.0,4.0,1.0,3.0,3,1.0,control
689,drive,5.0,4.0,2.0,7.0,7,1.0,control
690,drive,5.0,4.0,3.0,9.0,9,1.0,control
691,drive,5.0,4.0,4.0,1.0,1,1.0,control
692,drive,6.0,4.0,1.0,9.0,9,1.0,control
693,drive,6.0,4.0,2.0,5.0,5,1.0,control
694,drive,6.0,4.0,3.0,7.0,7,1.0,control
695,drive,6.0,4.0,4.0,2.0,2,1.0,control
696,drive,7.0,5.0,1.0,5.0,3,0.0,control
697,drive,7.0,5.0,2.0,3.0,5,0.0,control
698,drive,7.0,5.0,3.0,8.0,8,1.0,control
699,drive,7.0,5.0,4.0,9.0,9,1.0,control
700,drive,7.0,5.0,5.0,7.0,7,1.0,control
701,drive,8.0,5.0,1.0,3.0,3,1.0,control
702,drive,8.0,5.0,2.0,9.0,9,1.0,control
703,drive,8.0,5.0,3.0,4.0,4,1.0,control
704,drive,8.0,5.0,4.0,5.0,5,1.0,control
705,drive,8.0,5.0,5.0,2.0,2,1.0,control
706,drive,9.0,5.0,1.0,7.0,7,1.0,control
707,drive,9.0,5.0,2.0,2.0,2,1.0,control
708,drive,9.0,5.0,3.0,8.0,8,1.0,control
709,drive,9.0,5.0,4.0,3.0,3,1.0,control
710,drive,9.0,5.0,5.0,9.0,9,1.0,control
711,drive,10.0,6.0,1.0,8.0,8,1.0,control
712,drive,10.0,6.0,2.0,5.0,5,1.0,control
713,drive,10.0,6.0,3.0,6.0,6,1.0,control
714,drive,10.0,6.0,4.0,4.0,4,1.0,control
715,drive,10.0,6.0,5.0,7.0,7,1.0,control
716,drive,10.0,6.0,6.0,1.0,1,1.0,control
717,drive,11.0,6.0,1.0,9.0,9,1.0,control
718,drive,11.0,6.0,2.0,1.0,1,1.0,control
719,drive,11.0,6.0,3.0,7.0,7,1.0,control
720,drive,11.0,6.0,4.0,6.0,6,1.0,control
721,drive,11.0,6.0,5.0,4.0,4,1.0,control
722,drive,11.0,6.0,6.0,8.0,8,1.0,control
723,drive,12.0,6.0,1.0,2.0,2,1.0,control
724,drive,12.0,6.0,2.0,6.0,6,1.0,control
725,drive,12.0,6.0,3.0,9.0,9,1.0,control
726,drive,12.0,6.0,4.0,1.0,1,1.0,control
727,drive,12.0,6.0,5.0,3.0,3,1.0,control
728,drive,12.0,6.0,6.0,5.0,5,1.0,control
729,drive,13.0,7.0,1.0,9.0,9,1.0,control
730,drive,13.0,7.0,2.0,3.0,3,1.0,control
731,drive,13.0,7.0,3.0,2.0,2,1.0,control
732,drive,13.0,7.0,4.0,8.0,8,1.0,control
733,drive,13.0,7.0,5.0,6.0,6,1.0,control
734,drive,13.0,7.0,6.0,7.0,7,1.0,control
735,drive,13.0,7.0,7.0,1.0,1,1.0,control
736,drive,14.0,7.0,1.0,6.0,6,1.0,control
737,drive,14.0,7.0,2.0,4.0,4,1.0,control
738,drive,14.0,7.0,3.0,5.0,9,0.0,control
739,drive,14.0,7.0,4.0,9.0,5,0.0,control
740,drive,14.0,7.0,5.0,3.0,3,1.0,control
741,drive,14.0,7.0,6.0,2.0,2,1.0,control
742,drive,14.0,7.0,7.0,8.0,8,1.0,control
743,drive,15.0,7.0,1.0,2.0,2,1.0,control
744,drive,15.0,7.0,2.0,8.0,6,0.0,control
745,drive,15.0,7.0,3.0,3.0,8,0.0,control
746,drive,15.0,7.0,4.0,6.0,3,0.0,control
747,drive,15.0,7.0,5.0,1.0,1,1.0,control
748,drive,15.0,7.0,6.0,4.0,4,1.0,control
749,drive,15.0,7.0,7.0,5.0,7,0.0,control
750,cloudy,1.0,3.0,1.0,8.0,8,1.0,control
751,cloudy,1.0,3.0,2.0,2.0,2,1.0,control
752,cloudy,1.0,3.0,3.0,4.0,4,1.0,control
753,cloudy,2.0,3.0,1.0,7.0,7,1.0,control
754,cloudy,2.0,3.0,2.0,3.0,3,1.0,control
755,cloudy,2.0,3.0,3.0,8.0,8,1.0,control
756,cloudy,3.0,3.0,1.0,4.0,4,1.0,control
757,cloudy,3.0,3.0,2.0,3.0,3,1.0,control
758,cloudy,3.0,3.0,3.0,5.0,5,1.0,control
759,cloudy,4.0,4.0,1.0,7.0,7,1.0,control
760,cloudy,4.0,4.0,2.0,4.0,4,1.0,control
761,cloudy,4.0,4.0,3.0,1.0,1,1.0,control
762,cloudy,4.0,4.0,4.0,3.0,3,1.0,control
763,cloudy,5.0,4.0,1.0,3.0,3,1.0,control
764,cloudy,5.0,4.0,2.0,7.0,7,1.0,control
765,cloudy,5.0,4.0,3.0,9.0,9,1.0,control
766,cloudy,5.0,4.0,4.0,1.0,1,1.0,control
767,cloudy,6.0,4.0,1.0,9.0,9,1.0,control
768,cloudy,6.0,4.0,2.0,5.0,5,1.0,control
769,cloudy,6.0,4.0,3.0,7.0,7,1.0,control
770,cloudy,6.0,4.0,4.0,2.0,2,1.0,control
771,cloudy,7.0,5.0,1.0,5.0,5,1.0,control
772,cloudy,7.0,5.0,2.0,3.0,3,1.0,control
773,cloudy,7.0,5.0,3.0,8.0,8,1.0,control
774,cloudy,7.0,5.0,4.0,9.0,9,1.0,control
775,cloudy,7.0,5.0,5.0,7.0,7,1.0,control
776,cloudy,8.0,5.0,1.0,3.0,3,1.0,control
777,cloudy,8.0,5.0,2.0,9.0,9,1.0,control
778,cloudy,8.0,5.0,3.0,4.0,4,1.0,control
779,cloudy,8.0,5.0,4.0,5.0,5,1.0,control
780,cloudy,8.0,5.0,5.0,2.0,2,1.0,control
781,cloudy,9.0,5.0,1.0,7.0,7,1.0,control
782,cloudy,9.0,5.0,2.0,2.0,8,0.0,control
783,cloudy,9.0,5.0,3.0,8.0,2,0.0,control
784,cloudy,9.0,5.0,4.0,3.0,3,1.0,control
785,cloudy,9.0,5.0,5.0,9.0,9,1.0,control
786,cloudy,10.0,6.0,1.0,8.0,8,1.0,control
787,cloudy,10.0,6.0,2.0,5.0,5,1.0,control
788,cloudy,10.0,6.0,3.0,6.0,6,1.0,control
789,cloudy,10.0,6.0,4.0,4.0,4,1.0,control
790,cloudy,10.0,6.0,5.0,7.0,7,1.0,control
791,cloudy,10.0,6.0,6.0,1.0,1,1.0,control
792,cloudy,11.0,6.0,1.0,9.0,9,1.0,control
793,cloudy,11.0,6.0,2.0,1.0,4,0.0,control
794,cloudy,11.0,6.0,3.0,7.0,7,1.0,control
795,cloudy,11.0,6.0,4.0,6.0,1,0.0,control
796,cloudy,11.0,6.0,5.0,4.0,6,0.0,control
797,cloudy,11.0,6.0,6.0,8.0,5,0.0,control
798,cloudy,12.0,6.0,1.0,2.0,2,1.0,control
799,cloudy,12.0,6.0,2.0,6.0,6,1.0,control
800,cloudy,12.0,6.0,3.0,9.0,9,1.0,control
801,cloudy,12.0,6.0,4.0,1.0,1,1.0,control
802,cloudy,12.0,6.0,5.0,3.0,3,1.0,control
803,cloudy,12.0,6.0,6.0,5.0,5,1.0,control
804,cloudy,13.0,7.0,1.0,9.0,9,1.0,control
805,cloudy,13.0,7.0,2.0,3.0,3,1.0,control
806,cloudy,13.0,7.0,3.0,2.0,2,1.0,control
807,cloudy,13.0,7.0,4.0,8.0,5,0.0,control
808,cloudy,13.0,7.0,5.0,6.0,6,1.0,control
809,cloudy,13.0,7.0,6.0,7.0,7,1.0,control
810,cloudy,13.0,7.0,7.0,1.0,1,1.0,control
811,cloudy,14.0,7.0,1.0,6.0,6,1.0,control
812,cloudy,14.0,7.0,2.0,4.0,4,1.0,control
813,cloudy,14.0,7.0,3.0,5.0,5,1.0,control
814,cloudy,14.0,7.0,4.0,9.0,9,1.0,control
815,cloudy,14.0,7.0,5.0,3.0,3,1.0,control
816,cloudy,14.0,7.0,6.0,2.0,2,1.0,control
817,cloudy,14.0,7.0,7.0,8.0,8,1.0,control
818,cloudy,15.0,7.0,1.0,2.0,2,1.0,control
819,cloudy,15.0,7.0,2.0,8.0,8,1.0,control
820,cloudy,15.0,7.0,3.0,3.0,3,1.0,control
821,cloudy,15.0,7.0,4.0,6.0,6,1.0,control
822,cloudy,15.0,7.0,5.0,1.0,1,1.0,control
823,cloudy,15.0,7.0,6.0,4.0,5,0.0,control
824,cloudy,15.0,7.0,7.0,5.0,4,0.0,control
825,north,1.0,3.0,1.0,8.0,8,1.0,control
826,north,1.0,3.0,2.0,2.0,2,1.0,control
827,north,1.0,3.0,3.0,4.0,4,1.0,control
828,north,2.0,3.0,1.0,7.0,7,1.0,control
829,north,2.0,3.0,2.0,3.0,3,1.0,control
830,north,2.0,3.0,3.0,8.0,8,1.0,control
831,north,3.0,3.0,1.0,4.0,4,1.0,control
832,north,3.0,3.0,2.0,3.0,3,1.0,control
833,north,3.0,3.0,3.0,5.0,5,1.0,control
834,north,4.0,4.0,1.0,7.0,7,1.0,control
835,north,4.0,4.0,2.0,4.0,4,1.0,control
836,north,4.0,4.0,3.0,1.0,1,1.0,control
837,north,4.0,4.0,4.0,3.0,3,1.0,control
838,north,5.0,4.0,1.0,3.0,3,1.0,control
839,north,5.0,4.0,2.0,7.0,7,1.0,control
840,north,5.0,4.0,3.0,9.0,9,1.0,control
841,north,5.0,4.0,4.0,1.0,1,1.0,control
842,north,6.0,4.0,1.0,9.0,9,1.0,control
843,north,6.0,4.0,2.0,5.0,5,1.0,control
844,north,6.0,4.0,3.0,7.0,7,1.0,control
845,north,6.0,4.0,4.0,2.0,2,1.0,control
846,north,7.0,5.0,1.0,5.0,5,1.0,control
847,north,7.0,5.0,2.0,3.0,3,1.0,control
848,north,7.0,5.0,3.0,8.0,8,1.0,control
849,north,7.0,5.0,4.0,9.0,9,1.0,control
850,north,7.0,5.0,5.0,7.0,7,1.0,control
851,north,8.0,5.0,1.0,3.0,3,1.0,control
852,north,8.0,5.0,2.0,9.0,9,1.0,control
853,north,8.0,5.0,3.0,4.0,4,1.0,control
854,north,8.0,5.0,4.0,5.0,5,1.0,control
855,north,8.0,5.0,5.0,2.0,2,1.0,control
856,north,9.0,5.0,1.0,7.0,7,1.0,control
857,north,9.0,5.0,2.0,2.0,2,1.0,control
858,north,9.0,5.0,3.0,8.0,8,1.0,control
859,north,9.0,5.0,4.0,3.0,9,0.0,control
860,north,9.0,5.0,5.0,9.0,3,0.0,control
861,north,10.0,6.0,1.0,8.0,8,1.0,control
862,north,10.0,6.0,2.0,5.0,5,1.0,control
863,north,10.0,6.0,3.0,6.0,6,1.0,control
864,north,10.0,6.0,4.0,4.0,4,1.0,control
865,north,10.0,6.0,5.0,7.0,7,1.0,control
866,north,10.0,6.0,6.0,1.0,1,1.0,control
867,north,11.0,6.0,1.0,9.0,9,1.0,control
868,north,11.0,6.0,2.0,1.0,1,1.0,control
869,north,11.0,6.0,3.0,7.0,7,1.0,control
870,north,11.0,6.0,4.0,6.0,6,1.0,control
871,north,11.0,6.0,5.0,4.0,5,0.0,control
872,north,11.0,6.0,6.0,8.0,4,0.0,control
873,north,12.0,6.0,1.0,2.0,2,1.0,control
874,north,12.0,6.0,2.0,6.0,6,1.0,control
875,north,12.0,6.0,3.0,9.0,9,1.0,control
876,north,12.0,6.0,4.0,1.0,1,1.0,control
877,north,12.0,6.0,5.0,3.0,3,1.0,control
878,north,12.0,6.0,6.0,5.0,5,1.0,control
879,north,13.0,7.0,1.0,9.0,9,1.0,control
880,north,13.0,7.0,2.0,3.0,3,1.0,control
881,north,13.0,7.0,3.0,2.0,2,1.0,control
882,north,13.0,7.0,4.0,8.0,8,1.0,control
883,north,13.0,7.0,5.0,6.0,6,1.0,control
884,north,13.0,7.0,6.0,7.0,7,1.0,control
885,north,13.0,7.0,7.0,1.0,1,1.0,control
886,north,14.0,7.0,1.0,6.0,6,1.0,control
887,north,14.0,7.0,2.0,4.0,4,1.0,control
888,north,14.0,7.0,3.0,5.0,5,1.0,control
889,north,14.0,7.0,4.0,9.0,9,1.0,control
890,north,14.0,7.0,5.0,3.0,3,1.0,control
891,north,14.0,7.0,6.0,2.0,2,1.0,control
892,north,14.0,7.0,7.0,8.0,8,1.0,control
893,north,15.0,7.0,1.0,2.0,2,1.0,control
894,north,15.0,7.0,2.0,8.0,8,1.0,control
895,north,15.0,7.0,3.0,3.0,3,1.0,control
896,north,15.0,7.0,4.0,6.0,6,1.0,control
897,north,15.0,7.0,5.0,1.0,1,1.0,control
898,north,15.0,7.0,6.0,4.0,4,1.0,control
899,north,15.0,7.0,7.0,5.0,5,1.0,control
900,epoch,1.0,3.0,1.0,8.0,8,1.0,canvas
901,epoch,1.0,3.0,2.0,2.0,2,1.0,canvas
902,epoch,1.0,3.0,3.0,4.0,4,1.0,canvas
903,epoch,2.0,3.0,1.0,7.0,7,1.0,canvas
904,epoch,2.0,3.0,2.0,3.0,3,1.0,canvas
905,epoch,2.0,3.0,3.0,8.0,8,1.0,canvas
906,epoch,3.0,3.0,1.0,4.0,4,1.0,canvas
907,epoch,3.0,3.0,2.0,3.0,3,1.0,canvas
908,epoch,3.0,3.0,3.0,5.0,5,1.0,canvas
909,epoch,4.0,4.0,1.0,7.0,7,1.0,canvas
910,epoch,4.0,4.0,2.0,4.0,4,1.0,canvas
911,epoch,4.0,4.0,3.0,1.0,1,1.0,canvas
912,epoch,4.0,4.0,4.0,3.0,3,1.0,canvas
913,epoch,5.0,4.0,1.0,3.0,3,1.0,canvas
914,epoch,5.0,4.0,2.0,7.0,7,1.0,canvas
915,epoch,5.0,4.0,3.0,9.0,9,1.0,canvas
916,epoch,5.0,4.0,4.0,1.0,1,1.0,canvas
917,epoch,6.0,4.0,1.0,9.0,9,1.0,canvas
918,epoch,6.0,4.0,2.0,5.0,5,1.0,canvas
919,epoch,6.0,4.0,3.0,7.0,7,1.0,canvas
920,epoch,6.0,4.0,4.0,2.0,2,1.0,canvas
921,epoch,7.0,5.0,1.0,5.0,5,1.0,canvas
922,epoch,7.0,5.0,2.0,3.0,3,1.0,canvas
923,epoch,7.0,5.0,3.0,8.0,8,1.0,canvas
924,epoch,7.0,5.0,4.0,9.0,9,1.0,canvas
925,epoch,7.0,5.0,5.0,7.0,7,1.0,canvas
926,epoch,8.0,5.0,1.0,3.0,3,1.0,canvas
927,epoch,8.0,5.0,2.0,9.0,9,1.0,canvas
928,epoch,8.0,5.0,3.0,4.0,4,1.0,canvas
929,epoch,8.0,5.0,4.0,5.0,5,1.0,canvas
930,epoch,8.0,5.0,5.0,2.0,2,1.0,canvas
931,epoch,9.0,5.0,1.0,7.0,7,1.0,canvas
932,epoch,9.0,5.0,2.0,2.0,2,1.0,canvas
933,epoch,9.0,5.0,3.0,8.0,8,1.0,canvas
934,epoch,9.0,5.0,4.0,3.0,3,1.0,canvas
935,epoch,9.0,5.0,5.0,9.0,9,1.0,canvas
936,epoch,10.0,6.0,1.0,8.0,8,1.0,canvas
937,epoch,10.0,6.0,2.0,5.0,5,1.0,canvas
938,epoch,10.0,6.0,3.0,6.0,6,1.0,canvas
939,epoch,10.0,6.0,4.0,4.0,4,1.0,canvas
940,epoch,10.0,6.0,5.0,7.0,7,1.0,canvas
941,epoch,10.0,6.0,6.0,1.0,1,1.0,canvas
942,epoch,11.0,6.0,1.0,9.0,9,1.0,canvas
943,epoch,11.0,6.0,2.0,1.0,1,1.0,canvas
944,epoch,11.0,6.0,3.0,7.0,7,1.0,canvas
945,epoch,11.0,6.0,4.0,6.0,6,1.0,canvas
946,epoch,11.0,6.0,5.0,4.0,4,1.0,canvas
947,epoch,11.0,6.0,6.0,8.0,8,1.0,canvas
948,epoch,12.0,6.0,1.0,2.0,2,1.0,canvas
949,epoch,12.0,6.0,2.0,6.0,9,0.0,canvas
950,epoch,12.0,6.0,3.0,9.0,6,0.0,canvas
951,epoch,12.0,6.0,4.0,1.0,1,1.0,canvas
952,epoch,12.0,6.0,5.0,3.0,3,1.0,canvas
953,epoch,12.0,6.0,6.0,5.0,5,1.0,canvas
954,epoch,13.0,7.0,1.0,9.0,9,1.0,canvas
955,epoch,13.0,7.0,2.0,3.0,3,1.0,canvas
956,epoch,13.0,7.0,3.0,2.0,2,1.0,canvas
957,epoch,13.0,7.0,4.0,8.0,6,0.0,canvas
958,epoch,13.0,7.0,5.0,6.0,8,0.0,canvas
959,epoch,13.0,7.0,6.0,7.0,7,1.0,canvas
960,epoch,13.0,7.0,7.0,1.0,1,1.0,canvas
961,epoch,14.0,7.0,1.0,6.0,6,1.0,canvas
962,epoch,14.0,7.0,2.0,4.0,4,1.0,canvas
963,epoch,14.0,7.0,3.0,5.0,5,1.0,canvas
964,epoch,14.0,7.0,4.0,9.0,9,1.0,canvas
965,epoch,14.0,7.0,5.0,3.0,3,1.0,canvas
966,epoch,14.0,7.0,6.0,2.0,8,0.0,canvas
967,epoch,14.0,7.0,7.0,8.0,2,0.0,canvas
968,epoch,15.0,7.0,1.0,2.0,2,1.0,canvas
969,epoch,15.0,7.0,2.0,8.0,8,1.0,canvas
970,epoch,15.0,7.0,3.0,3.0,3,1.0,canvas
971,epoch,15.0,7.0,4.0,6.0,6,1.0,canvas
972,epoch,15.0,7.0,5.0,1.0,1,1.0,canvas
973,epoch,15.0,7.0,6.0,4.0,4,1.0,canvas
974,epoch,15.0,7.0,7.0,5.0,5,1.0,canvas
975,handshake,1.0,3.0,1.0,8.0,8,1.0,control
976,handshake,1.0,3.0,2.0,2.0,2,1.0,control
977,handshake,1.0,3.0,3.0,4.0,4,1.0,control
978,handshake,2.0,3.0,1.0,7.0,7,1.0,control
979,handshake,2.0,3.0,2.0,3.0,3,1.0,control
980,handshake,2.0,3.0,3.0,8.0,8,1.0,control
981,handshake,3.0,3.0,1.0,4.0,4,1.0,control
982,handshake,3.0,3.0,2.0,3.0,3,1.0,control
983,handshake,3.0,3.0,3.0,5.0,5,1.0,control
984,handshake,4.0,4.0,1.0,7.0,7,1.0,control
985,handshake,4.0,4.0,2.0,4.0,4,1.0,control
986,handshake,4.0,4.0,3.0,1.0,1,1.0,control
987,handshake,4.0,4.0,4.0,3.0,3,1.0,control
988,handshake,5.0,4.0,1.0,3.0,3,1.0,control
989,handshake,5.0,4.0,2.0,7.0,7,1.0,control
990,handshake,5.0,4.0,3.0,9.0,9,1.0,control
991,handshake,5.0,4.0,4.0,1.0,1,1.0,control
992,handshake,6.0,4.0,1.0,9.0,9,1.0,control
993,handshake,6.0,4.0,2.0,5.0,5,1.0,control
994,handshake,6.0,4.0,3.0,7.0,7,1.0,control
995,handshake,6.0,4.0,4.0,2.0,2,1.0,control
996,handshake,7.0,5.0,1.0,5.0,5,1.0,control
997,handshake,7.0,5.0,2.0,3.0,3,1.0,control
998,handshake,7.0,5.0,3.0,8.0,8,1.0,control
999,handshake,7.0,5.0,4.0,9.0,9,1.0,control
1000,handshake,7.0,5.0,5.0,7.0,7,1.0,control
1001,handshake,8.0,5.0,1.0,3.0,3,1.0,control
1002,handshake,8.0,5.0,2.0,9.0,9,1.0,control
1003,handshake,8.0,5.0,3.0,4.0,4,1.0,control
1004,handshake,8.0,5.0,4.0,5.0,5,1.0,control
1005,handshake,8.0,5.0,5.0,2.0,2,1.0,control
1006,handshake,9.0,5.0,1.0,7.0,2,0.0,control
1007,handshake,9.0,5.0,2.0,2.0,7,0.0,control
1008,handshake,9.0,5.0,3.0,8.0,8,1.0,control
1009,handshake,9.0,5.0,4.0,3.0,3,1.0,control
1010,handshake,9.0,5.0,5.0,9.0,9,1.0,control
1011,handshake,10.0,6.0,1.0,8.0,8,1.0,control
1012,handshake,10.0,6.0,2.0,5.0,5,1.0,control
1013,handshake,10.0,6.0,3.0,6.0,6,1.0,control
1014,handshake,10.0,6.0,4.0,4.0,4,1.0,control
1015,handshake,10.0,6.0,5.0,7.0,7,1.0,control
1016,handshake,10.0,6.0,6.0,1.0,1,1.0,control
1017,handshake,11.0,6.0,1.0,9.0,9,1.0,control
1018,handshake,11.0,6.0,2.0,1.0,1,1.0,control
1019,handshake,11.0,6.0,3.0,7.0,7,1.0,control
1020,handshake,11.0,6.0,4.0,6.0,6,1.0,control
1021,handshake,11.0,6.0,5.0,4.0,4,1.0,control
1022,handshake,11.0,6.0,6.0,8.0,8,1.0,control
1023,handshake,12.0,6.0,1.0,2.0,1,0.0,control
1024,handshake,12.0,6.0,2.0,6.0,2,0.0,control
1025,handshake,12.0,6.0,3.0,9.0,5,0.0,control
1026,handshake,12.0,6.0,4.0,1.0,3,0.0,control
1027,handshake,12.0,6.0,5.0,3.0,6,0.0,control
1028,handshake,12.0,6.0,6.0,5.0,9,0.0,control
1029,handshake,13.0,7.0,1.0,9.0,1,0.0,control
1030,handshake,13.0,7.0,2.0,3.0,2,0.0,control
1031,handshake,13.0,7.0,3.0,2.0,3,0.0,control
1032,handshake,13.0,7.0,4.0,8.0,6,0.0,control
1033,handshake,13.0,7.0,5.0,6.0,9,0.0,control
1034,handshake,13.0,7.0,6.0,7.0,8,0.0,control
1035,handshake,13.0,7.0,7.0,1.0,7,0.0,control
1036,handshake,14.0,7.0,1.0,6.0,4,0.0,control
1037,handshake,14.0,7.0,2.0,4.0,5,0.0,control
1038,handshake,14.0,7.0,3.0,5.0,2,0.0,control
1039,handshake,14.0,7.0,4.0,9.0,8,0.0,control
1040,handshake,14.0,7.0,5.0,3.0,9,0.0,control
1041,handshake,14.0,7.0,6.0,2.0,6,0.0,control
1042,handshake,14.0,7.0,7.0,8.0,3,0.0,control
1043,handshake,15.0,7.0,1.0,2.0,8,0.0,control
1044,handshake,15.0,7.0,2.0,8.0,5,0.0,control
1045,handshake,15.0,7.0,3.0,3.0,4,0.0,control
1046,handshake,15.0,7.0,4.0,6.0,1,0.0,control
1047,handshake,15.0,7.0,5.0,1.0,2,0.0,control
1048,handshake,15.0,7.0,6.0,4.0,3,0.0,control
1049,handshake,15.0,7.0,7.0,5.0,6,0.0,control
1050,cement,1.0,3.0,1.0,8.0,8,1.0,canvas
1051,cement,1.0,3.0,2.0,2.0,2,1.0,canvas
1052,cement,1.0,3.0,3.0,4.0,4,1.0,canvas
1053,cement,2.0,3.0,1.0,7.0,7,1.0,canvas
1054,cement,2.0,3.0,2.0,3.0,3,1.0,canvas
1055,cement,2.0,3.0,3.0,8.0,8,1.0,canvas
1056,cement,3.0,3.0,1.0,4.0,4,1.0,canvas
1057,cement,3.0,3.0,2.0,3.0,3,1.0,canvas
1058,cement,3.0,3.0,3.0,5.0,5,1.0,canvas
1059,cement,4.0,4.0,1.0,7.0,7,1.0,canvas
1060,cement,4.0,4.0,2.0,4.0,4,1.0,canvas
1061,cement,4.0,4.0,3.0,1.0,1,1.0,canvas
1062,cement,4.0,4.0,4.0,3.0,3,1.0,canvas
1063,cement,5.0,4.0,1.0,3.0,3,1.0,canvas
1064,cement,5.0,4.0,2.0,7.0,7,1.0,canvas
1065,cement,5.0,4.0,3.0,9.0,9,1.0,canvas
1066,cement,5.0,4.0,4.0,1.0,1,1.0,canvas
1067,cement,6.0,4.0,1.0,9.0,9,1.0,canvas
1068,cement,6.0,4.0,2.0,5.0,5,1.0,canvas
1069,cement,6.0,4.0,3.0,7.0,7,1.0,canvas
1070,cement,6.0,4.0,4.0,2.0,2,1.0,canvas
1071,cement,7.0,5.0,1.0,5.0,5,1.0,canvas
1072,cement,7.0,5.0,2.0,3.0,3,1.0,canvas
1073,cement,7.0,5.0,3.0,8.0,8,1.0,canvas
1074,cement,7.0,5.0,4.0,9.0,9,1.0,canvas
1075,cement,7.0,5.0,5.0,7.0,7,1.0,canvas
1076,cement,8.0,5.0,1.0,3.0,3,1.0,canvas
1077,cement,8.0,5.0,2.0,9.0,9,1.0,canvas
1078,cement,8.0,5.0,3.0,4.0,4,1.0,canvas
1079,cement,8.0,5.0,4.0,5.0,5,1.0,canvas
1080,cement,8.0,5.0,5.0,2.0,2,1.0,canvas
1081,cement,9.0,5.0,1.0,7.0,7,1.0,canvas
1082,cement,9.0,5.0,2.0,2.0,2,1.0,canvas
1083,cement,9.0,5.0,3.0,8.0,8,1.0,canvas
1084,cement,9.0,5.0,4.0,3.0,3,1.0,canvas
1085,cement,9.0,5.0,5.0,9.0,9,1.0,canvas
1086,cement,10.0,6.0,1.0,8.0,8,1.0,canvas
1087,cement,10.0,6.0,2.0,5.0,5,1.0,canvas
1088,cement,10.0,6.0,3.0,6.0,6,1.0,canvas
1089,cement,10.0,6.0,4.0,4.0,4,1.0,canvas
1090,cement,10.0,6.0,5.0,7.0,7,1.0,canvas
1091,cement,10.0,6.0,6.0,1.0,1,1.0,canvas
1092,cement,11.0,6.0,1.0,9.0,9,1.0,canvas
1093,cement,11.0,6.0,2.0,1.0,1,1.0,canvas
1094,cement,11.0,6.0,3.0,7.0,7,1.0,canvas
1095,cement,11.0,6.0,4.0,6.0,6,1.0,canvas
1096,cement,11.0,6.0,5.0,4.0,4,1.0,canvas
1097,cement,11.0,6.0,6.0,8.0,8,1.0,canvas
1098,cement,12.0,6.0,1.0,2.0,2,1.0,canvas
1099,cement,12.0,6.0,2.0,6.0,6,1.0,canvas
1100,cement,12.0,6.0,3.0,9.0,9,1.0,canvas
1101,cement,12.0,6.0,4.0,1.0,1,1.0,canvas
1102,cement,12.0,6.0,5.0,3.0,3,1.0,canvas
1103,cement,12.0,6.0,6.0,5.0,5,1.0,canvas
1104,cement,13.0,7.0,1.0,9.0,9,1.0,canvas
1105,cement,13.0,7.0,2.0,3.0,3,1.0,canvas
1106,cement,13.0,7.0,3.0,2.0,2,1.0,canvas
1107,cement,13.0,7.0,4.0,8.0,6,0.0,canvas
1108,cement,13.0,7.0,5.0,6.0,8,0.0,canvas
1109,cement,13.0,7.0,6.0,7.0,7,1.0,canvas
1110,cement,13.0,7.0,7.0,1.0,1,1.0,canvas
1111,cement,14.0,7.0,1.0,6.0,6,1.0,canvas
1112,cement,14.0,7.0,2.0,4.0,4,1.0,canvas
1113,cement,14.0,7.0,3.0,5.0,5,1.0,canvas
1114,cement,14.0,7.0,4.0,9.0,9,1.0,canvas
1115,cement,14.0,7.0,5.0,3.0,3,1.0,canvas
1116,cement,14.0,7.0,6.0,2.0,2,1.0,canvas
1117,cement,14.0,7.0,7.0,8.0,8,1.0,canvas
1118,cement,15.0,7.0,1.0,2.0,8,0.0,canvas
1119,cement,15.0,7.0,2.0,8.0,2,0.0,canvas
1120,cement,15.0,7.0,3.0,3.0,3,1.0,canvas
1121,cement,15.0,7.0,4.0,6.0,6,1.0,canvas
1122,cement,15.0,7.0,5.0,1.0,1,1.0,canvas
1123,cement,15.0,7.0,6.0,4.0,4,1.0,canvas
1124,cement,15.0,7.0,7.0,5.0,5,1.0,canvas
1261,channel,1.0,3.0,1.0,8.0,8,1.0,canvas
1262,channel,1.0,3.0,2.0,2.0,2,1.0,canvas
1263,channel,1.0,3.0,3.0,4.0,4,1.0,canvas
1264,channel,2.0,3.0,1.0,7.0,7,1.0,canvas
1265,channel,2.0,3.0,2.0,3.0,3,1.0,canvas
1266,channel,2.0,3.0,3.0,8.0,8,1.0,canvas
1267,channel,3.0,3.0,1.0,4.0,4,1.0,canvas
1268,channel,3.0,3.0,2.0,3.0,3,1.0,canvas
1269,channel,3.0,3.0,3.0,5.0,5,1.0,canvas
1270,channel,4.0,4.0,1.0,7.0,7,1.0,canvas
1271,channel,4.0,4.0,2.0,4.0,4,1.0,canvas
1272,channel,4.0,4.0,3.0,1.0,1,1.0,canvas
1273,channel,4.0,4.0,4.0,3.0,3,1.0,canvas
1274,channel,5.0,4.0,1.0,3.0,3,1.0,canvas
1275,channel,5.0,4.0,2.0,7.0,7,1.0,canvas
1276,channel,5.0,4.0,3.0,9.0,9,1.0,canvas
1277,channel,5.0,4.0,4.0,1.0,1,1.0,canvas
1278,channel,6.0,4.0,1.0,9.0,9,1.0,canvas
1279,channel,6.0,4.0,2.0,5.0,5,1.0,canvas
1280,channel,6.0,4.0,3.0,7.0,7,1.0,canvas
1281,channel,6.0,4.0,4.0,2.0,2,1.0,canvas
1282,channel,7.0,5.0,1.0,5.0,5,1.0,canvas
1283,channel,7.0,5.0,2.0,3.0,3,1.0,canvas
1284,channel,7.0,5.0,3.0,8.0,8,1.0,canvas
1285,channel,7.0,5.0,4.0,9.0,9,1.0,canvas
1286,channel,7.0,5.0,5.0,7.0,7,1.0,canvas
1287,channel,8.0,5.0,1.0,3.0,3,1.0,canvas
1288,channel,8.0,5.0,2.0,9.0,4,0.0,canvas
1289,channel,8.0,5.0,3.0,4.0,9,0.0,canvas
1290,channel,8.0,5.0,4.0,5.0,5,1.0,canvas
1291,channel,8.0,5.0,5.0,2.0,2,1.0,canvas
1292,channel,9.0,5.0,1.0,7.0,7,1.0,canvas
1293,channel,9.0,5.0,2.0,2.0,2,1.0,canvas
1294,channel,9.0,5.0,3.0,8.0,8,1.0,canvas
1295,channel,9.0,5.0,4.0,3.0,3,1.0,canvas
1296,channel,9.0,5.0,5.0,9.0,9,1.0,canvas
1297,channel,10.0,6.0,1.0,8.0,8,1.0,canvas
1298,channel,10.0,6.0,2.0,5.0,5,1.0,canvas
1299,channel,10.0,6.0,3.0,6.0,6,1.0,canvas
1300,channel,10.0,6.0,4.0,4.0,7,0.0,canvas
1301,channel,10.0,6.0,5.0,7.0,1,0.0,canvas
1302,channel,10.0,6.0,6.0,1.0,4,0.0,canvas
1303,channel,11.0,6.0,1.0,9.0,9,1.0,canvas
1304,channel,11.0,6.0,2.0,1.0,1,1.0,canvas
1305,channel,11.0,6.0,3.0,7.0,7,1.0,canvas
1306,channel,11.0,6.0,4.0,6.0,6,1.0,canvas
1307,channel,11.0,6.0,5.0,4.0,4,1.0,canvas
1308,channel,11.0,6.0,6.0,8.0,8,1.0,canvas
1309,channel,12.0,6.0,1.0,2.0,2,1.0,canvas
1310,channel,12.0,6.0,2.0,6.0,6,1.0,canvas
1311,channel,12.0,6.0,3.0,9.0,9,1.0,canvas
1312,channel,12.0,6.0,4.0,1.0,1,1.0,canvas
1313,channel,12.0,6.0,5.0,3.0,3,1.0,canvas
1314,channel,12.0,6.0,6.0,5.0,5,1.0,canvas
1315,channel,13.0,7.0,1.0,9.0,9,1.0,canvas
1316,channel,13.0,7.0,2.0,3.0,3,1.0,canvas
1317,channel,13.0,7.0,3.0,2.0,2,1.0,canvas
1318,channel,13.0,7.0,4.0,8.0,8,1.0,canvas
1319,channel,13.0,7.0,5.0,6.0,6,1.0,canvas
1320,channel,13.0,7.0,6.0,7.0,1,0.0,canvas
1321,channel,13.0,7.0,7.0,1.0,7,0.0,canvas
1322,channel,14.0,7.0,1.0,6.0,6,1.0,canvas
1323,channel,14.0,7.0,2.0,4.0,4,1.0,canvas
1324,channel,14.0,7.0,3.0,5.0,5,1.0,canvas
1325,channel,14.0,7.0,4.0,9.0,9,1.0,canvas
1326,channel,14.0,7.0,5.0,3.0,3,1.0,canvas
1327,channel,14.0,7.0,6.0,2.0,2,1.0,canvas
1328,channel,14.0,7.0,7.0,8.0,8,1.0,canvas
1329,channel,15.0,7.0,1.0,2.0,2,1.0,canvas
1330,channel,15.0,7.0,2.0,8.0,8,1.0,canvas
1331,channel,15.0,7.0,3.0,3.0,3,1.0,canvas
1332,channel,15.0,7.0,4.0,6.0,6,1.0,canvas
1333,channel,15.0,7.0,5.0,1.0,1,1.0,canvas
1334,channel,15.0,7.0,6.0,4.0,4,1.0,canvas
1335,channel,15.0,7.0,7.0,5.0,5,1.0,canvas
1336,valley,1.0,3.0,1.0,8.0,8,1.0,control
1337,valley,1.0,3.0,2.0,2.0,2,1.0,control
1338,valley,1.0,3.0,3.0,4.0,4,1.0,control
1339,valley,2.0,3.0,1.0,7.0,7,1.0,control
1340,valley,2.0,3.0,2.0,3.0,3,1.0,control
1341,valley,2.0,3.0,3.0,8.0,8,1.0,control
1342,valley,3.0,3.0,1.0,4.0,4,1.0,control
1343,valley,3.0,3.0,2.0,3.0,3,1.0,control
1344,valley,3.0,3.0,3.0,5.0,5,1.0,control
1345,valley,4.0,4.0,1.0,7.0,7,1.0,control
1346,valley,4.0,4.0,2.0,4.0,4,1.0,control
1347,valley,4.0,4.0,3.0,1.0,1,1.0,control
1348,valley,4.0,4.0,4.0,3.0,3,1.0,control
1349,valley,5.0,4.0,1.0,3.0,3,1.0,control
1350,valley,5.0,4.0,2.0,7.0,7,1.0,control
1351,valley,5.0,4.0,3.0,9.0,9,1.0,control
1352,valley,5.0,4.0,4.0,1.0,1,1.0,control
1353,valley,6.0,4.0,1.0,9.0,9,1.0,control
1354,valley,6.0,4.0,2.0,5.0,5,1.0,control
1355,valley,6.0,4.0,3.0,7.0,7,1.0,control
1356,valley,6.0,4.0,4.0,2.0,2,1.0,control
1357,valley,7.0,5.0,1.0,5.0,5,1.0,control
1358,valley,7.0,5.0,2.0,3.0,3,1.0,control
1359,valley,7.0,5.0,3.0,8.0,8,1.0,control
1360,valley,7.0,5.0,4.0,9.0,9,1.0,control
1361,valley,7.0,5.0,5.0,7.0,7,1.0,control
1362,valley,8.0,5.0,1.0,3.0,3,1.0,control
1363,valley,8.0,5.0,2.0,9.0,9,1.0,control
1364,valley,8.0,5.0,3.0,4.0,4,1.0,control
1365,valley,8.0,5.0,4.0,5.0,5,1.0,control
1366,valley,8.0,5.0,5.0,2.0,2,1.0,control
1367,valley,9.0,5.0,1.0,7.0,7,1.0,control
1368,valley,9.0,5.0,2.0,2.0,2,1.0,control
1369,valley,9.0,5.0,3.0,8.0,8,1.0,control
1370,valley,9.0,5.0,4.0,3.0,3,1.0,control
1371,valley,9.0,5.0,5.0,9.0,9,1.0,control
1372,valley,10.0,6.0,1.0,8.0,8,1.0,control
1373,valley,10.0,6.0,2.0,5.0,5,1.0,control
1374,valley,10.0,6.0,3.0,6.0,6,1.0,control
1375,valley,10.0,6.0,4.0,4.0,4,1.0,control
1376,valley,10.0,6.0,5.0,7.0,7,1.0,control
1377,valley,10.0,6.0,6.0,1.0,1,1.0,control
1378,valley,11.0,6.0,1.0,9.0,9,1.0,control
1379,valley,11.0,6.0,2.0,1.0,1,1.0,control
1380,valley,11.0,6.0,3.0,7.0,7,1.0,control
1381,valley,11.0,6.0,4.0,6.0,6,1.0,control
1382,valley,11.0,6.0,5.0,4.0,4,1.0,control
1383,valley,11.0,6.0,6.0,8.0,8,1.0,control
1384,valley,12.0,6.0,1.0,2.0,2,1.0,control
1385,valley,12.0,6.0,2.0,6.0,6,1.0,control
1386,valley,12.0,6.0,3.0,9.0,9,1.0,control
1387,valley,12.0,6.0,4.0,1.0,1,1.0,control
1388,valley,12.0,6.0,5.0,3.0,3,1.0,control
1389,valley,12.0,6.0,6.0,5.0,5,1.0,control
1390,valley,13.0,7.0,1.0,9.0,9,1.0,control
1391,valley,13.0,7.0,2.0,3.0,3,1.0,control
1392,valley,13.0,7.0,3.0,2.0,2,1.0,control
1393,valley,13.0,7.0,4.0,8.0,8,1.0,control
1394,valley,13.0,7.0,5.0,6.0,6,1.0,control
1395,valley,13.0,7.0,6.0,7.0,7,1.0,control
1396,valley,13.0,7.0,7.0,1.0,1,1.0,control
1397,valley,14.0,7.0,1.0,6.0,6,1.0,control
1398,valley,14.0,7.0,2.0,4.0,4,1.0,control
1399,valley,14.0,7.0,3.0,5.0,5,1.0,control
1400,valley,14.0,7.0,4.0,9.0,9,1.0,control
1401,valley,14.0,7.0,5.0,3.0,3,1.0,control
1402,valley,14.0,7.0,6.0,2.0,2,1.0,control
1403,valley,14.0,7.0,7.0,8.0,8,1.0,control
1404,valley,15.0,7.0,1.0,2.0,2,1.0,control
1405,valley,15.0,7.0,2.0,8.0,8,1.0,control
1406,valley,15.0,7.0,3.0,3.0,3,1.0,control
1407,valley,15.0,7.0,4.0,6.0,6,1.0,control
1408,valley,15.0,7.0,5.0,1.0,1,1.0,control
1409,valley,15.0,7.0,6.0,4.0,4,1.0,control
1410,valley,15.0,7.0,7.0,5.0,5,1.0,control
1411,bread,1.0,3.0,1.0,8.0,8,1.0,canvas
1412,bread,1.0,3.0,2.0,2.0,2,1.0,canvas
1413,bread,1.0,3.0,3.0,4.0,4,1.0,canvas
1414,bread,2.0,3.0,1.0,7.0,7,1.0,canvas
1415,bread,2.0,3.0,2.0,3.0,3,1.0,canvas
1416,bread,2.0,3.0,3.0,8.0,8,1.0,canvas
1417,bread,3.0,3.0,1.0,4.0,4,1.0,canvas
1418,bread,3.0,3.0,2.0,3.0,3,1.0,canvas
1419,bread,3.0,3.0,3.0,5.0,5,1.0,canvas
1420,bread,4.0,4.0,1.0,7.0,7,1.0,canvas
1421,bread,4.0,4.0,2.0,4.0,4,1.0,canvas
1422,bread,4.0,4.0,3.0,1.0,1,1.0,canvas
1423,bread,4.0,4.0,4.0,3.0,3,1.0,canvas
1424,bread,5.0,4.0,1.0,3.0,3,1.0,canvas
1425,bread,5.0,4.0,2.0,7.0,7,1.0,canvas
1426,bread,5.0,4.0,3.0,9.0,9,1.0,canvas
1427,bread,5.0,4.0,4.0,1.0,1,1.0,canvas
1428,bread,6.0,4.0,1.0,9.0,9,1.0,canvas
1429,bread,6.0,4.0,2.0,5.0,5,1.0,canvas
1430,bread,6.0,4.0,3.0,7.0,7,1.0,canvas
1431,bread,6.0,4.0,4.0,2.0,2,1.0,canvas
1432,bread,7.0,5.0,1.0,5.0,5,1.0,canvas
1433,bread,7.0,5.0,2.0,3.0,3,1.0,canvas
1434,bread,7.0,5.0,3.0,8.0,8,1.0,canvas
1435,bread,7.0,5.0,4.0,9.0,9,1.0,canvas
1436,bread,7.0,5.0,5.0,7.0,7,1.0,canvas
1437,bread,8.0,5.0,1.0,3.0,3,1.0,canvas
1438,bread,8.0,5.0,2.0,9.0,9,1.0,canvas
1439,bread,8.0,5.0,3.0,4.0,4,1.0,canvas
1440,bread,8.0,5.0,4.0,5.0,5,1.0,canvas
1441,bread,8.0,5.0,5.0,2.0,2,1.0,canvas
1442,bread,9.0,5.0,1.0,7.0,7,1.0,canvas
1443,bread,9.0,5.0,2.0,2.0,2,1.0,canvas
1444,bread,9.0,5.0,3.0,8.0,8,1.0,canvas
1445,bread,9.0,5.0,4.0,3.0,3,1.0,canvas
1446,bread,9.0,5.0,5.0,9.0,9,1.0,canvas
1447,bread,10.0,6.0,1.0,8.0,8,1.0,canvas
1448,bread,10.0,6.0,2.0,5.0,5,1.0,canvas
1449,bread,10.0,6.0,3.0,6.0,6,1.0,canvas
1450,bread,10.0,6.0,4.0,4.0,4,1.0,canvas
1451,bread,10.0,6.0,5.0,7.0,7,1.0,canvas
1452,bread,10.0,6.0,6.0,1.0,1,1.0,canvas
1453,bread,11.0,6.0,1.0,9.0,9,1.0,canvas
1454,bread,11.0,6.0,2.0,1.0,1,1.0,canvas
1455,bread,11.0,6.0,3.0,7.0,7,1.0,canvas
1456,bread,11.0,6.0,4.0,6.0,6,1.0,canvas
1457,bread,11.0,6.0,5.0,4.0,4,1.0,canvas
1458,bread,11.0,6.0,6.0,8.0,8,1.0,canvas
1459,bread,12.0,6.0,1.0,2.0,2,1.0,canvas
1460,bread,12.0,6.0,2.0,6.0,6,1.0,canvas
1461,bread,12.0,6.0,3.0,9.0,9,1.0,canvas
1462,bread,12.0,6.0,4.0,1.0,1,1.0,canvas
1463,bread,12.0,6.0,5.0,3.0,3,1.0,canvas
1464,bread,12.0,6.0,6.0,5.0,5,1.0,canvas
1465,bread,13.0,7.0,1.0,9.0,3,0.0,canvas
1466,bread,13.0,7.0,2.0,3.0,2,0.0,canvas
1467,bread,13.0,7.0,3.0,2.0,8,0.0,canvas
1468,bread,13.0,7.0,4.0,8.0,9,0.0,canvas
1469,bread,13.0,7.0,5.0,6.0,6,1.0,canvas
1470,bread,13.0,7.0,6.0,7.0,7,1.0,canvas
1471,bread,13.0,7.0,7.0,1.0,1,1.0,canvas
1472,bread,14.0,7.0,1.0,6.0,6,1.0,canvas
1473,bread,14.0,7.0,2.0,4.0,4,1.0,canvas
1474,bread,14.0,7.0,3.0,5.0,9,0.0,canvas
1475,bread,14.0,7.0,4.0,9.0,5,0.0,canvas
1476,bread,14.0,7.0,5.0,3.0,3,1.0,canvas
1477,bread,14.0,7.0,6.0,2.0,2,1.0,canvas
1478,bread,14.0,7.0,7.0,8.0,8,1.0,canvas
1479,bread,15.0,7.0,1.0,2.0,8,0.0,canvas
1480,bread,15.0,7.0,2.0,8.0,6,0.0,canvas
1481,bread,15.0,7.0,3.0,3.0,5,0.0,canvas
1482,bread,15.0,7.0,4.0,6.0,2,0.0,canvas
1483,bread,15.0,7.0,5.0,1.0,3,0.0,canvas
1484,bread,15.0,7.0,6.0,4.0,1,0.0,canvas
1485,bread,15.0,7.0,7.0,5.0,4,0.0,canvas
1636,beluga,1.0,3.0,1.0,8.0,8,1.0,control
1637,beluga,1.0,3.0,2.0,2.0,2,1.0,control
1638,beluga,1.0,3.0,3.0,4.0,4,1.0,control
1639,beluga,2.0,3.0,1.0,7.0,7,1.0,control
1640,beluga,2.0,3.0,2.0,3.0,3,1.0,control
1641,beluga,2.0,3.0,3.0,8.0,8,1.0,control
1642,beluga,3.0,3.0,1.0,4.0,4,1.0,control
1643,beluga,3.0,3.0,2.0,3.0,3,1.0,control
1644,beluga,3.0,3.0,3.0,5.0,5,1.0,control
1645,beluga,4.0,4.0,1.0,7.0,7,1.0,control
1646,beluga,4.0,4.0,2.0,4.0,4,1.0,control
1647,beluga,4.0,4.0,3.0,1.0,1,1.0,control
1648,beluga,4.0,4.0,4.0,3.0,3,1.0,control
1649,beluga,5.0,4.0,1.0,3.0,3,1.0,control
1650,beluga,5.0,4.0,2.0,7.0,7,1.0,control
1651,beluga,5.0,4.0,3.0,9.0,9,1.0,control
1652,beluga,5.0,4.0,4.0,1.0,1,1.0,control
1653,beluga,6.0,4.0,1.0,9.0,9,1.0,control
1654,beluga,6.0,4.0,2.0,5.0,5,1.0,control
1655,beluga,6.0,4.0,3.0,7.0,7,1.0,control
1656,beluga,6.0,4.0,4.0,2.0,2,1.0,control
1657,beluga,7.0,5.0,1.0,5.0,5,1.0,control
1658,beluga,7.0,5.0,2.0,3.0,3,1.0,control
1659,beluga,7.0,5.0,3.0,8.0,8,1.0,control
1660,beluga,7.0,5.0,4.0,9.0,9,1.0,control
1661,beluga,7.0,5.0,5.0,7.0,7,1.0,control
1662,beluga,8.0,5.0,1.0,3.0,3,1.0,control
1663,beluga,8.0,5.0,2.0,9.0,9,1.0,control
1664,beluga,8.0,5.0,3.0,4.0,4,1.0,control
1665,beluga,8.0,5.0,4.0,5.0,5,1.0,control
1666,beluga,8.0,5.0,5.0,2.0,2,1.0,control
1667,beluga,9.0,5.0,1.0,7.0,7,1.0,control
1668,beluga,9.0,5.0,2.0,2.0,2,1.0,control
1669,beluga,9.0,5.0,3.0,8.0,8,1.0,control
1670,beluga,9.0,5.0,4.0,3.0,3,1.0,control
1671,beluga,9.0,5.0,5.0,9.0,9,1.0,control
1672,beluga,10.0,6.0,1.0,8.0,8,1.0,control
1673,beluga,10.0,6.0,2.0,5.0,5,1.0,control
1674,beluga,10.0,6.0,3.0,6.0,6,1.0,control
1675,beluga,10.0,6.0,4.0,4.0,4,1.0,control
1676,beluga,10.0,6.0,5.0,7.0,7,1.0,control
1677,beluga,10.0,6.0,6.0,1.0,1,1.0,control
1678,beluga,11.0,6.0,1.0,9.0,9,1.0,control
1679,beluga,11.0,6.0,2.0,1.0,7,0.0,control
1680,beluga,11.0,6.0,3.0,7.0,6,0.0,control
1681,beluga,11.0,6.0,4.0,6.0,1,0.0,control
1682,beluga,11.0,6.0,5.0,4.0,8,0.0,control
1683,beluga,11.0,6.0,6.0,8.0,4,0.0,control
1684,beluga,12.0,6.0,1.0,2.0,2,1.0,control
1685,beluga,12.0,6.0,2.0,6.0,6,1.0,control
1686,beluga,12.0,6.0,3.0,9.0,9,1.0,control
1687,beluga,12.0,6.0,4.0,1.0,1,1.0,control
1688,beluga,12.0,6.0,5.0,3.0,3,1.0,control
1689,beluga,12.0,6.0,6.0,5.0,5,1.0,control
1690,beluga,13.0,7.0,1.0,9.0,9,1.0,control
1691,beluga,13.0,7.0,2.0,3.0,2,0.0,control
1692,beluga,13.0,7.0,3.0,2.0,3,0.0,control
1693,beluga,13.0,7.0,4.0,8.0,8,1.0,control
1694,beluga,13.0,7.0,5.0,6.0,6,1.0,control
1695,beluga,13.0,7.0,6.0,7.0,7,1.0,control
1696,beluga,13.0,7.0,7.0,1.0,1,1.0,control
1697,beluga,14.0,7.0,1.0,6.0,6,1.0,control
1698,beluga,14.0,7.0,2.0,4.0,4,1.0,control
1699,beluga,14.0,7.0,3.0,5.0,5,1.0,control
1700,beluga,14.0,7.0,4.0,9.0,9,1.0,control
1701,beluga,14.0,7.0,5.0,3.0,3,1.0,control
1702,beluga,14.0,7.0,6.0,2.0,2,1.0,control
1703,beluga,14.0,7.0,7.0,8.0,8,1.0,control
1704,beluga,15.0,7.0,1.0,2.0,2,1.0,control
1705,beluga,15.0,7.0,2.0,8.0,8,1.0,control
1706,beluga,15.0,7.0,3.0,3.0,3,1.0,control
1707,beluga,15.0,7.0,4.0,6.0,6,1.0,control
1708,beluga,15.0,7.0,5.0,1.0,1,1.0,control
1709,beluga,15.0,7.0,6.0,4.0,4,1.0,control
1710,beluga,15.0,7.0,7.0,5.0,5,1.0,control
1786,owl,1.0,3.0,1.0,8.0,8,1.0,canvas
1787,owl,1.0,3.0,2.0,2.0,2,1.0,canvas
1788,owl,1.0,3.0,3.0,4.0,4,1.0,canvas
1789,owl,2.0,3.0,1.0,7.0,7,1.0,canvas
1790,owl,2.0,3.0,2.0,3.0,3,1.0,canvas
1791,owl,2.0,3.0,3.0,8.0,8,1.0,canvas
1792,owl,3.0,3.0,1.0,4.0,4,1.0,canvas
1793,owl,3.0,3.0,2.0,3.0,3,1.0,canvas
1794,owl,3.0,3.0,3.0,5.0,5,1.0,canvas
1795,owl,4.0,4.0,1.0,7.0,7,1.0,canvas
1796,owl,4.0,4.0,2.0,4.0,4,1.0,canvas
1797,owl,4.0,4.0,3.0,1.0,1,1.0,canvas
1798,owl,4.0,4.0,4.0,3.0,3,1.0,canvas
1799,owl,5.0,4.0,1.0,3.0,3,1.0,canvas
1800,owl,5.0,4.0,2.0,7.0,7,1.0,canvas
1801,owl,5.0,4.0,3.0,9.0,9,1.0,canvas
1802,owl,5.0,4.0,4.0,1.0,1,1.0,canvas
1803,owl,6.0,4.0,1.0,9.0,9,1.0,canvas
1804,owl,6.0,4.0,2.0,5.0,5,1.0,canvas
1805,owl,6.0,4.0,3.0,7.0,7,1.0,canvas
1806,owl,6.0,4.0,4.0,2.0,2,1.0,canvas
1807,owl,7.0,5.0,1.0,5.0,5,1.0,canvas
1808,owl,7.0,5.0,2.0,3.0,3,1.0,canvas
1809,owl,7.0,5.0,3.0,8.0,8,1.0,canvas
1810,owl,7.0,5.0,4.0,9.0,9,1.0,canvas
1811,owl,7.0,5.0,5.0,7.0,7,1.0,canvas
1812,owl,8.0,5.0,1.0,3.0,3,1.0,canvas
1813,owl,8.0,5.0,2.0,9.0,9,1.0,canvas
1814,owl,8.0,5.0,3.0,4.0,4,1.0,canvas
1815,owl,8.0,5.0,4.0,5.0,5,1.0,canvas
1816,owl,8.0,5.0,5.0,2.0,2,1.0,canvas
1817,owl,9.0,5.0,1.0,7.0,7,1.0,canvas
1818,owl,9.0,5.0,2.0,2.0,2,1.0,canvas
1819,owl,9.0,5.0,3.0,8.0,8,1.0,canvas
1820,owl,9.0,5.0,4.0,3.0,3,1.0,canvas
1821,owl,9.0,5.0,5.0,9.0,9,1.0,canvas
1822,owl,10.0,6.0,1.0,8.0,8,1.0,canvas
1823,owl,10.0,6.0,2.0,5.0,5,1.0,canvas
1824,owl,10.0,6.0,3.0,6.0,6,1.0,canvas
1825,owl,10.0,6.0,4.0,4.0,4,1.0,canvas
1826,owl,10.0,6.0,5.0,7.0,7,1.0,canvas
1827,owl,10.0,6.0,6.0,1.0,1,1.0,canvas
1828,owl,11.0,6.0,1.0,9.0,9,1.0,canvas
1829,owl,11.0,6.0,2.0,1.0,1,1.0,canvas
1830,owl,11.0,6.0,3.0,7.0,7,1.0,canvas
1831,owl,11.0,6.0,4.0,6.0,6,1.0,canvas
1832,owl,11.0,6.0,5.0,4.0,4,1.0,canvas
1833,owl,11.0,6.0,6.0,8.0,8,1.0,canvas
1834,owl,12.0,6.0,1.0,2.0,2,1.0,canvas
1835,owl,12.0,6.0,2.0,6.0,6,1.0,canvas
1836,owl,12.0,6.0,3.0,9.0,9,1.0,canvas
1837,owl,12.0,6.0,4.0,1.0,1,1.0,canvas
1838,owl,12.0,6.0,5.0,3.0,3,1.0,canvas
1839,owl,12.0,6.0,6.0,5.0,5,1.0,canvas
1840,owl,13.0,7.0,1.0,9.0,9,1.0,canvas
1841,owl,13.0,7.0,2.0,3.0,3,1.0,canvas
1842,owl,13.0,7.0,3.0,2.0,2,1.0,canvas
1843,owl,13.0,7.0,4.0,8.0,8,1.0,canvas
1844,owl,13.0,7.0,5.0,6.0,6,1.0,canvas
1845,owl,13.0,7.0,6.0,7.0,7,1.0,canvas
1846,owl,13.0,7.0,7.0,1.0,1,1.0,canvas
1847,owl,14.0,7.0,1.0,6.0,6,1.0,canvas
1848,owl,14.0,7.0,2.0,4.0,4,1.0,canvas
1849,owl,14.0,7.0,3.0,5.0,5,1.0,canvas
1850,owl,14.0,7.0,4.0,9.0,9,1.0,canvas
1851,owl,14.0,7.0,5.0,3.0,3,1.0,canvas
1852,owl,14.0,7.0,6.0,2.0,8,0.0,canvas
1853,owl,14.0,7.0,7.0,8.0,2,0.0,canvas
1854,owl,15.0,7.0,1.0,2.0,8,0.0,canvas
1855,owl,15.0,7.0,2.0,8.0,2,0.0,canvas
1856,owl,15.0,7.0,3.0,3.0,3,1.0,canvas
1857,owl,15.0,7.0,4.0,6.0,6,1.0,canvas
1858,owl,15.0,7.0,5.0,1.0,1,1.0,canvas
1859,owl,15.0,7.0,6.0,4.0,4,1.0,canvas
1860,owl,15.0,7.0,7.0,5.0,5,1.0,canvas
1861,soup,1.0,3.0,1.0,8.0,8,1.0,canvas
1862,soup,1.0,3.0,2.0,2.0,2,1.0,canvas
1863,soup,1.0,3.0,3.0,4.0,4,1.0,canvas
1864,soup,2.0,3.0,1.0,7.0,7,1.0,canvas
1865,soup,2.0,3.0,2.0,3.0,3,1.0,canvas
1866,soup,2.0,3.0,3.0,8.0,8,1.0,canvas
1867,soup,3.0,3.0,1.0,4.0,4,1.0,canvas
1868,soup,3.0,3.0,2.0,3.0,3,1.0,canvas
1869,soup,3.0,3.0,3.0,5.0,5,1.0,canvas
1870,soup,4.0,4.0,1.0,7.0,7,1.0,canvas
1871,soup,4.0,4.0,2.0,4.0,4,1.0,canvas
1872,soup,4.0,4.0,3.0,1.0,1,1.0,canvas
1873,soup,4.0,4.0,4.0,3.0,3,1.0,canvas
1874,soup,5.0,4.0,1.0,3.0,3,1.0,canvas
1875,soup,5.0,4.0,2.0,7.0,7,1.0,canvas
1876,soup,5.0,4.0,3.0,9.0,9,1.0,canvas
1877,soup,5.0,4.0,4.0,1.0,1,1.0,canvas
1878,soup,6.0,4.0,1.0,9.0,9,1.0,canvas
1879,soup,6.0,4.0,2.0,5.0,5,1.0,canvas
1880,soup,6.0,4.0,3.0,7.0,7,1.0,canvas
1881,soup,6.0,4.0,4.0,2.0,2,1.0,canvas
1882,soup,7.0,5.0,1.0,5.0,5,1.0,canvas
1883,soup,7.0,5.0,2.0,3.0,3,1.0,canvas
1884,soup,7.0,5.0,3.0,8.0,8,1.0,canvas
1885,soup,7.0,5.0,4.0,9.0,9,1.0,canvas
1886,soup,7.0,5.0,5.0,7.0,7,1.0,canvas
1887,soup,8.0,5.0,1.0,3.0,3,1.0,canvas
1888,soup,8.0,5.0,2.0,9.0,9,1.0,canvas
1889,soup,8.0,5.0,3.0,4.0,4,1.0,canvas
1890,soup,8.0,5.0,4.0,5.0,5,1.0,canvas
1891,soup,8.0,5.0,5.0,2.0,2,1.0,canvas
1892,soup,9.0,5.0,1.0,7.0,7,1.0,canvas
1893,soup,9.0,5.0,2.0,2.0,2,1.0,canvas
1894,soup,9.0,5.0,3.0,8.0,8,1.0,canvas
1895,soup,9.0,5.0,4.0,3.0,3,1.0,canvas
1896,soup,9.0,5.0,5.0,9.0,9,1.0,canvas
1897,soup,10.0,6.0,1.0,8.0,8,1.0,canvas
1898,soup,10.0,6.0,2.0,5.0,5,1.0,canvas
1899,soup,10.0,6.0,3.0,6.0,6,1.0,canvas
1900,soup,10.0,6.0,4.0,4.0,4,1.0,canvas
1901,soup,10.0,6.0,5.0,7.0,7,1.0,canvas
1902,soup,10.0,6.0,6.0,1.0,1,1.0,canvas
1903,soup,11.0,6.0,1.0,9.0,9,1.0,canvas
1904,soup,11.0,6.0,2.0,1.0,1,1.0,canvas
1905,soup,11.0,6.0,3.0,7.0,7,1.0,canvas
1906,soup,11.0,6.0,4.0,6.0,6,1.0,canvas
1907,soup,11.0,6.0,5.0,4.0,4,1.0,canvas
1908,soup,11.0,6.0,6.0,8.0,8,1.0,canvas
1909,soup,12.0,6.0,1.0,2.0,2,1.0,canvas
1910,soup,12.0,6.0,2.0,6.0,6,1.0,canvas
1911,soup,12.0,6.0,3.0,9.0,9,1.0,canvas
1912,soup,12.0,6.0,4.0,1.0,1,1.0,canvas
1913,soup,12.0,6.0,5.0,3.0,3,1.0,canvas
1914,soup,12.0,6.0,6.0,5.0,5,1.0,canvas
1915,soup,13.0,7.0,1.0,9.0,9,1.0,canvas
1916,soup,13.0,7.0,2.0,3.0,3,1.0,canvas
1917,soup,13.0,7.0,3.0,2.0,2,1.0,canvas
1918,soup,13.0,7.0,4.0,8.0,8,1.0,canvas
1919,soup,13.0,7.0,5.0,6.0,6,1.0,canvas
1920,soup,13.0,7.0,6.0,7.0,7,1.0,canvas
1921,soup,13.0,7.0,7.0,1.0,1,1.0,canvas
1922,soup,14.0,7.0,1.0,6.0,6,1.0,canvas
1923,soup,14.0,7.0,2.0,4.0,4,1.0,canvas
1924,soup,14.0,7.0,3.0,5.0,5,1.0,canvas
1925,soup,14.0,7.0,4.0,9.0,9,1.0,canvas
1926,soup,14.0,7.0,5.0,3.0,3,1.0,canvas
1927,soup,14.0,7.0,6.0,2.0,2,1.0,canvas
1928,soup,14.0,7.0,7.0,8.0,8,1.0,canvas
1929,soup,15.0,7.0,1.0,2.0,8,0.0,canvas
1930,soup,15.0,7.0,2.0,8.0,2,0.0,canvas
1931,soup,15.0,7.0,3.0,3.0,6,0.0,canvas
1932,soup,15.0,7.0,4.0,6.0,3,0.0,canvas
1933,soup,15.0,7.0,5.0,1.0,4,0.0,canvas
1934,soup,15.0,7.0,6.0,4.0,5,0.0,canvas
1935,soup,15.0,7.0,7.0,5.0,1,0.0,canvas
1936,outfit,1.0,3.0,1.0,8.0,8,1.0,control
1937,outfit,1.0,3.0,2.0,2.0,2,1.0,control
1938,outfit,1.0,3.0,3.0,4.0,4,1.0,control
1939,outfit,2.0,3.0,1.0,7.0,7,1.0,control
1940,outfit,2.0,3.0,2.0,3.0,3,1.0,control
1941,outfit,2.0,3.0,3.0,8.0,8,1.0,control
1942,outfit,3.0,3.0,1.0,4.0,4,1.0,control
1943,outfit,3.0,3.0,2.0,3.0,3,1.0,control
1944,outfit,3.0,3.0,3.0,5.0,5,1.0,control
1945,outfit,4.0,4.0,1.0,7.0,7,1.0,control
1946,outfit,4.0,4.0,2.0,4.0,4,1.0,control
1947,outfit,4.0,4.0,3.0,1.0,1,1.0,control
1948,outfit,4.0,4.0,4.0,3.0,3,1.0,control
1949,outfit,5.0,4.0,1.0,3.0,3,1.0,control
1950,outfit,5.0,4.0,2.0,7.0,7,1.0,control
1951,outfit,5.0,4.0,3.0,9.0,9,1.0,control
1952,outfit,5.0,4.0,4.0,1.0,1,1.0,control
1953,outfit,6.0,4.0,1.0,9.0,9,1.0,control
1954,outfit,6.0,4.0,2.0,5.0,5,1.0,control
1955,outfit,6.0,4.0,3.0,7.0,7,1.0,control
1956,outfit,6.0,4.0,4.0,2.0,2,1.0,control
1957,outfit,7.0,5.0,1.0,5.0,5,1.0,control
1958,outfit,7.0,5.0,2.0,3.0,3,1.0,control
1959,outfit,7.0,5.0,3.0,8.0,8,1.0,control
1960,outfit,7.0,5.0,4.0,9.0,9,1.0,control
1961,outfit,7.0,5.0,5.0,7.0,7,1.0,control
1962,outfit,8.0,5.0,1.0,3.0,3,1.0,control
1963,outfit,8.0,5.0,2.0,9.0,9,1.0,control
1964,outfit,8.0,5.0,3.0,4.0,4,1.0,control
1965,outfit,8.0,5.0,4.0,5.0,5,1.0,control
1966,outfit,8.0,5.0,5.0,2.0,2,1.0,control
1967,outfit,9.0,5.0,1.0,7.0,7,1.0,control
1968,outfit,9.0,5.0,2.0,2.0,2,1.0,control
1969,outfit,9.0,5.0,3.0,8.0,8,1.0,control
1970,outfit,9.0,5.0,4.0,3.0,3,1.0,control
1971,outfit,9.0,5.0,5.0,9.0,9,1.0,control
1972,outfit,10.0,6.0,1.0,8.0,8,1.0,control
1973,outfit,10.0,6.0,2.0,5.0,2,0.0,control
1974,outfit,10.0,6.0,3.0,6.0,5,0.0,control
1975,outfit,10.0,6.0,4.0,4.0,6,0.0,control
1976,outfit,10.0,6.0,5.0,7.0,7,1.0,control
1977,outfit,10.0,6.0,6.0,1.0,1,1.0,control
1978,outfit,11.0,6.0,1.0,9.0,9,1.0,control
1979,outfit,11.0,6.0,2.0,1.0,1,1.0,control
1980,outfit,11.0,6.0,3.0,7.0,7,1.0,control
1981,outfit,11.0,6.0,4.0,6.0,6,1.0,control
1982,outfit,11.0,6.0,5.0,4.0,4,1.0,control
1983,outfit,11.0,6.0,6.0,8.0,8,1.0,control
1984,outfit,12.0,6.0,1.0,2.0,2,1.0,control
1985,outfit,12.0,6.0,2.0,6.0,6,1.0,control
1986,outfit,12.0,6.0,3.0,9.0,9,1.0,control
1987,outfit,12.0,6.0,4.0,1.0,1,1.0,control
1988,outfit,12.0,6.0,5.0,3.0,3,1.0,control
1989,outfit,12.0,6.0,6.0,5.0,5,1.0,control
1990,outfit,13.0,7.0,1.0,9.0,3,0.0,control
1991,outfit,13.0,7.0,2.0,3.0,2,0.0,control
1992,outfit,13.0,7.0,3.0,2.0,9,0.0,control
1993,outfit,13.0,7.0,4.0,8.0,6,0.0,control
1994,outfit,13.0,7.0,5.0,6.0,1,0.0,control
1995,outfit,13.0,7.0,6.0,7.0,8,0.0,control
1996,outfit,13.0,7.0,7.0,1.0,5,0.0,control
1997,outfit,14.0,7.0,1.0,6.0,6,1.0,control
1998,outfit,14.0,7.0,2.0,4.0,4,1.0,control
1999,outfit,14.0,7.0,3.0,5.0,5,1.0,control
2000,outfit,14.0,7.0,4.0,9.0,9,1.0,control
2001,outfit,14.0,7.0,5.0,3.0,3,1.0,control
2002,outfit,14.0,7.0,6.0,2.0,2,1.0,control
2003,outfit,14.0,7.0,7.0,8.0,8,1.0,control
2004,outfit,15.0,7.0,1.0,2.0,2,1.0,control
2005,outfit,15.0,7.0,2.0,8.0,8,1.0,control
2006,outfit,15.0,7.0,3.0,3.0,3,1.0,control
2007,outfit,15.0,7.0,4.0,6.0,6,1.0,control
2008,outfit,15.0,7.0,5.0,1.0,1,1.0,control
2009,outfit,15.0,7.0,6.0,4.0,4,1.0,control
2010,outfit,15.0,7.0,7.0,5.0,5,1.0,control
2011,frame,1.0,3.0,1.0,8.0,8,1.0,canvas
2012,frame,1.0,3.0,2.0,2.0,2,1.0,canvas
2013,frame,1.0,3.0,3.0,4.0,4,1.0,canvas
2014,frame,2.0,3.0,1.0,7.0,7,1.0,canvas
2015,frame,2.0,3.0,2.0,3.0,3,1.0,canvas
2016,frame,2.0,3.0,3.0,8.0,8,1.0,canvas
2017,frame,3.0,3.0,1.0,4.0,4,1.0,canvas
2018,frame,3.0,3.0,2.0,3.0,3,1.0,canvas
2019,frame,3.0,3.0,3.0,5.0,5,1.0,canvas
2020,frame,4.0,4.0,1.0,7.0,7,1.0,canvas
2021,frame,4.0,4.0,2.0,4.0,4,1.0,canvas
2022,frame,4.0,4.0,3.0,1.0,1,1.0,canvas
2023,frame,4.0,4.0,4.0,3.0,3,1.0,canvas
2024,frame,5.0,4.0,1.0,3.0,3,1.0,canvas
2025,frame,5.0,4.0,2.0,7.0,7,1.0,canvas
2026,frame,5.0,4.0,3.0,9.0,9,1.0,canvas
2027,frame,5.0,4.0,4.0,1.0,1,1.0,canvas
2028,frame,6.0,4.0,1.0,9.0,9,1.0,canvas
2029,frame,6.0,4.0,2.0,5.0,5,1.0,canvas
2030,frame,6.0,4.0,3.0,7.0,7,1.0,canvas
2031,frame,6.0,4.0,4.0,2.0,2,1.0,canvas
2032,frame,7.0,5.0,1.0,5.0,5,1.0,canvas
2033,frame,7.0,5.0,2.0,3.0,3,1.0,canvas
2034,frame,7.0,5.0,3.0,8.0,8,1.0,canvas
2035,frame,7.0,5.0,4.0,9.0,9,1.0,canvas
2036,frame,7.0,5.0,5.0,7.0,7,1.0,canvas
2037,frame,8.0,5.0,1.0,3.0,5,0.0,canvas
2038,frame,8.0,5.0,2.0,9.0,3,0.0,canvas
2039,frame,8.0,5.0,3.0,4.0,9,0.0,canvas
2040,frame,8.0,5.0,4.0,5.0,4,0.0,canvas
2041,frame,8.0,5.0,5.0,2.0,2,1.0,canvas
2042,frame,9.0,5.0,1.0,7.0,7,1.0,canvas
2043,frame,9.0,5.0,2.0,2.0,2,1.0,canvas
2044,frame,9.0,5.0,3.0,8.0,8,1.0,canvas
2045,frame,9.0,5.0,4.0,3.0,3,1.0,canvas
2046,frame,9.0,5.0,5.0,9.0,9,1.0,canvas
2047,frame,10.0,6.0,1.0,8.0,8,1.0,canvas
2048,frame,10.0,6.0,2.0,5.0,5,1.0,canvas
2049,frame,10.0,6.0,3.0,6.0,6,1.0,canvas
2050,frame,10.0,6.0,4.0,4.0,4,1.0,canvas
2051,frame,10.0,6.0,5.0,7.0,7,1.0,canvas
2052,frame,10.0,6.0,6.0,1.0,1,1.0,canvas
2053,frame,11.0,6.0,1.0,9.0,9,1.0,canvas
2054,frame,11.0,6.0,2.0,1.0,1,1.0,canvas
2055,frame,11.0,6.0,3.0,7.0,7,1.0,canvas
2056,frame,11.0,6.0,4.0,6.0,6,1.0,canvas
2057,frame,11.0,6.0,5.0,4.0,4,1.0,canvas
2058,frame,11.0,6.0,6.0,8.0,8,1.0,canvas
2059,frame,12.0,6.0,1.0,2.0,2,1.0,canvas
2060,frame,12.0,6.0,2.0,6.0,9,0.0,canvas
2061,frame,12.0,6.0,3.0,9.0,6,0.0,canvas
2062,frame,12.0,6.0,4.0,1.0,1,1.0,canvas
2063,frame,12.0,6.0,5.0,3.0,3,1.0,canvas
2064,frame,12.0,6.0,6.0,5.0,5,1.0,canvas
2065,frame,13.0,7.0,1.0,9.0,2,0.0,canvas
2066,frame,13.0,7.0,2.0,3.0,9,0.0,canvas
2067,frame,13.0,7.0,3.0,2.0,3,0.0,canvas
2068,frame,13.0,7.0,4.0,8.0,6,0.0,canvas
2069,frame,13.0,7.0,5.0,6.0,1,0.0,canvas
2070,frame,13.0,7.0,6.0,7.0,7,1.0,canvas
2071,frame,13.0,7.0,7.0,1.0,5,0.0,canvas
2072,frame,14.0,7.0,1.0,6.0,6,1.0,canvas
2073,frame,14.0,7.0,2.0,4.0,4,1.0,canvas
2074,frame,14.0,7.0,3.0,5.0,5,1.0,canvas
2075,frame,14.0,7.0,4.0,9.0,9,1.0,canvas
2076,frame,14.0,7.0,5.0,3.0,3,1.0,canvas
2077,frame,14.0,7.0,6.0,2.0,2,1.0,canvas
2078,frame,14.0,7.0,7.0,8.0,8,1.0,canvas
2079,frame,15.0,7.0,1.0,2.0,2,1.0,canvas
2080,frame,15.0,7.0,2.0,8.0,8,1.0,canvas
2081,frame,15.0,7.0,3.0,3.0,3,1.0,canvas
2082,frame,15.0,7.0,4.0,6.0,6,1.0,canvas
2083,frame,15.0,7.0,5.0,1.0,1,1.0,canvas
2084,frame,15.0,7.0,6.0,4.0,4,1.0,canvas
2085,frame,15.0,7.0,7.0,5.0,5,1.0,canvas
